Data,,,,,Exponential Smoothning Method,,,,,,,,,,,,,,,,,,,,,Adjusted Exponential Smoothing F(t) ? = 0.60,,,,,,,,,,,,,,,,,,,,,,,,,,,
Date,Period,AMZN,NFLX,,F(t) ? = 0.20,AMZN,NFLX,MAPE AMZN,MAPE NFLX,F(t) ? = 0.40,AMZN,NFLX,MAPE AMZN,MAPE NFLX,F(t) ? = 0.60,AMZN,NFLX,MAPE AMZN,MAPE NFLX,F(t) ? = 0.80,AMZN,NFLX,MAPE AMZN,MAPE NFLX,,T(t) ? = 0.20,AMZN,NFLX,Af(t) AMZN,Af(t) NFLX,MAPE AMZN,MAPE NFLX,T(t) ? = 0.40,AMZN,NFLX,Af(t) AMZN,Af(t) NFLX,MAPE AMZN,MAPE NFLX,T(t) ? = 0.60,AMZN,NFLX,Af(t) AMZN,Af(t) NFLX,MAPE AMZN,MAPE NFLX,T(t) ? = 0.80,AMZN,NFLX,Af(t) AMZN,Af(t) NFLX,MAPE AMZN,MAPE NFLX
1/2/2020,1,94.90,329.81,,,94.90,329.81,,,,94.90,329.81,,,,94.90,329.81,,,,94.90,329.81,,,,,0.0000,0.0000,94.9005,329.8100,,,,0.0000,0.0000,94.9005,329.8100,,,,0.0000,0.0000,94.9005,329.8100,,,,0.0000,0.0000,94.9005,329.8100,,
1/3/2020,2,93.75,325.90,,,94.90,329.81,0.0123,0.0120,,94.90,329.81,0.0123,0.0120,,94.90,329.81,0.0123,0.0120,,94.90,329.81,0.0123,0.0120,,,0.0000,0.0000,94.9005,329.8100,0.0123,0.0120,,0.0000,0.0000,94.9005,329.8100,0.0000,0.0000,,0.0000,0.0000,94.9005,329.8100,0.0000,0.0000,,0.0000,0.0000,94.9005,329.8100,0.0000,0.0000
1/6/2020,3,95.14,335.83,,,94.67,329.03,0.0050,0.0203,,94.44,328.25,0.0074,0.0226,,94.21,327.46,0.0098,0.0249,,93.98,326.68,0.0122,0.0272,,,-0.1382,-0.4692,94.0711,326.9948,0.0113,0.0263,,-0.2765,-0.9384,93.9328,326.5256,0.0029,0.0029,,0.4147,0.4147,94.6240,327.8787,0.0044,0.0013,,0.5530,1.8768,94.7623,329.3408,0.0059,0.0057
1/7/2020,4,95.34,330.75,,,94.76,330.39,0.0061,0.0011,,94.72,331.28,0.0065,0.0016,,94.77,332.48,0.0060,0.0052,,94.91,334.00,0.0045,0.0098,,,0.0016,0.6286,94.7717,333.1121,0.0060,0.0071,,0.0584,1.4448,94.8286,333.9284,0.0006,0.0043,,-0.1706,-0.1706,94.5995,332.3130,0.0018,0.0005,,-0.3381,-3.6403,94.4321,328.8433,0.0036,0.0109
1/8/2020,5,94.60,339.26,,,94.88,330.46,0.0030,0.0259,,94.97,331.07,0.0039,0.0241,,95.11,331.44,0.0054,0.0230,,95.26,331.40,0.0070,0.0232,,,0.0700,0.2948,95.1839,331.7383,0.0062,0.0222,,0.1726,0.4508,95.2864,331.8943,0.0018,0.0014,,-0.2745,-0.2745,94.8394,331.1690,0.0029,0.0008,,-0.3426,0.1041,94.7713,331.5475,0.0036,0.0003
1/9/2020,6,95.05,335.66,,,94.82,332.22,0.0024,0.0102,,94.82,334.34,0.0024,0.0039,,94.80,336.13,0.0026,0.0014,,94.73,337.69,0.0034,0.0060,,,-0.0058,1.1738,94.7988,337.3072,0.0027,0.0049,,-0.0201,2.1465,94.7845,338.2798,0.0002,0.0064,,0.0757,0.0757,94.8804,336.2091,0.0008,0.0002,,0.1788,-3.7311,94.9835,332.4022,0.0019,0.0111
1/10/2020,7,94.16,329.05,,,94.87,332.91,0.0076,0.0117,,94.91,334.87,0.0080,0.0177,,94.95,335.85,0.0084,0.0207,,94.99,336.07,0.0088,0.0213,,,0.0251,0.8823,94.9784,336.7316,0.0087,0.0233,,0.0474,1.1743,95.0008,337.0236,0.0005,0.0035,,-0.0589,-0.0589,94.8944,335.7904,0.0006,0.0002,,-0.0832,-0.5190,94.8702,335.3303,0.0009,0.0015
1/13/2020,8,94.57,338.92,,,94.73,332.14,0.0017,0.0200,,94.61,332.54,0.0005,0.0188,,94.48,331.77,0.0009,0.0211,,94.32,330.45,0.0025,0.0250,,,-0.0754,-0.1101,94.4008,331.6596,0.0017,0.0214,,-0.1624,-0.9273,94.3137,330.8424,0.0017,0.0028,,0.2628,0.2628,94.7389,332.0325,0.0028,0.0008,,0.3651,3.1599,94.8413,334.9296,0.0039,0.0095
1/14/2020,9,93.47,338.69,,,94.69,333.49,0.0131,0.0153,,94.59,335.09,0.0120,0.0106,,94.53,336.06,0.0113,0.0078,,94.52,337.23,0.0112,0.0043,,,-0.0496,0.7699,94.4798,336.8298,0.0108,0.0055,,-0.0761,1.1597,94.4533,337.2196,0.0008,0.0035,,0.0731,0.0731,94.6026,336.1330,0.0008,0.0002,,0.0304,-2.8002,94.5598,333.2597,0.0003,0.0083
1/15/2020,10,93.10,339.07,,,94.45,334.53,0.0145,0.0134,,94.14,336.53,0.0112,0.0075,,93.89,337.64,0.0085,0.0042,,93.68,338.40,0.0062,0.0020,,,-0.1666,0.9316,93.7284,338.5695,0.0067,0.0015,,-0.2995,1.3270,93.5955,338.9650,0.0032,0.0039,,0.4099,0.4099,94.3049,338.0479,0.0044,0.0012,,0.5137,-1.8225,94.4086,335.8155,0.0055,0.0054
1/16/2020,11,93.90,338.62,,,94.18,335.44,0.0030,0.0094,,93.73,337.55,0.0018,0.0032,,93.42,338.50,0.0051,0.0004,,93.22,338.94,0.0072,0.0009,,,-0.2286,0.9171,93.1900,339.4143,0.0075,0.0023,,-0.3702,1.1399,93.0484,339.6371,0.0040,0.0034,,0.4498,0.4498,93.8684,338.9470,0.0048,0.0013,,0.4838,-1.0519,93.9024,337.4453,0.0052,0.0031
1/17/2020,12,93.24,339.67,,,94.12,336.08,0.0095,0.0106,,93.80,337.98,0.0060,0.0050,,93.71,338.57,0.0050,0.0032,,93.76,338.68,0.0056,0.0029,,,-0.1254,0.7484,93.5802,339.3193,0.0037,0.0010,,-0.1073,0.7134,93.5983,339.2843,0.0011,0.0021,,0.0077,0.0077,93.7133,338.5786,0.0001,0.0000,,-0.1329,-0.2693,93.5728,338.3016,0.0014,0.0008
1/21/2020,13,94.60,338.11,,,93.95,336.79,0.0069,0.0039,,93.57,338.65,0.0109,0.0016,,93.42,339.23,0.0124,0.0033,,93.34,339.47,0.0133,0.0040,,,-0.1567,0.7306,93.2671,339.9610,0.0141,0.0055,,-0.1771,0.6918,93.2467,339.9222,0.0019,0.0020,,0.1721,0.1721,93.5960,339.4025,0.0018,0.0005,,0.1989,-0.5815,93.6227,338.6489,0.0021,0.0017
1/22/2020,14,94.37,326.00,,,94.08,337.06,0.0031,0.0339,,93.98,338.44,0.0041,0.0381,,94.13,338.56,0.0026,0.0385,,94.35,338.38,0.0003,0.0380,,,0.0158,0.4501,94.1453,339.0082,0.0024,0.0399,,0.1760,0.1462,94.3056,338.7044,0.0019,0.0004,,-0.3546,-0.3546,93.7750,338.2036,0.0038,0.0010,,-0.5248,0.4215,93.6048,338.9796,0.0056,0.0012
1/23/2020,15,94.23,349.60,,,94.14,334.85,0.0010,0.0422,,94.14,333.46,0.0010,0.0462,,94.28,331.02,0.0005,0.0531,,94.37,328.48,0.0015,0.0604,,,0.0418,-1.1469,94.3174,329.8763,0.0009,0.0564,,0.1640,-2.9262,94.4397,328.0970,0.0017,0.0088,,-0.2295,-0.2295,94.0462,330.7938,0.0024,0.0007,,-0.2218,6.1122,94.0538,337.1355,0.0024,0.0185
1/24/2020,16,93.08,353.16,,,94.15,337.80,0.0115,0.0435,,94.17,339.92,0.0117,0.0375,,94.25,342.17,0.0125,0.0311,,94.26,345.38,0.0126,0.0220,,,0.0279,1.3117,94.2755,343.4810,0.0128,0.0274,,0.0872,2.7027,94.3349,344.8720,0.0009,0.0079,,-0.0750,-0.0750,94.1726,342.0943,0.0008,0.0002,,-0.0220,-7.6944,94.2257,334.4749,0.0002,0.0225
1/27/2020,17,91.42,342.88,,,93.94,340.87,0.0276,0.0059,,93.74,345.21,0.0254,0.0068,,93.55,348.76,0.0233,0.0172,,93.32,351.60,0.0208,0.0254,,,-0.1176,2.3682,93.4307,351.1319,0.0220,0.0241,,-0.2274,4.2594,93.3208,353.0231,0.0024,0.0122,,0.3896,0.3896,93.9379,349.1534,0.0042,0.0011,,0.5551,-6.8144,94.1034,341.9493,0.0059,0.0195
1/28/2020,18,92.66,348.52,,,93.44,341.27,0.0083,0.0208,,92.81,344.28,0.0016,0.0122,,92.27,345.23,0.0042,0.0094,,91.80,344.62,0.0093,0.0112,,,-0.3498,1.1885,91.9197,346.4220,0.0080,0.0060,,-0.6480,1.1435,91.6216,346.3770,0.0070,0.0033,,0.9231,0.9231,93.1926,346.1566,0.0100,0.0027,,1.1340,1.4613,93.4035,346.6948,0.0123,0.0042
1/29/2020,19,92.90,343.16,,,93.28,342.72,0.0041,0.0013,,92.75,345.98,0.0016,0.0082,,92.51,347.21,0.0042,0.0118,,92.49,347.74,0.0044,0.0133,,,-0.2327,1.3452,92.2726,348.5506,0.0068,0.0157,,-0.2945,1.4749,92.2108,348.6803,0.0032,0.0042,,0.2278,0.2278,92.7331,347.4332,0.0025,0.0007,,0.0382,-1.2853,92.5435,345.9201,0.0004,0.0037
1/30/2020,20,93.53,347.74,,,93.20,342.81,0.0035,0.0142,,92.81,344.85,0.0077,0.0083,,92.74,344.78,0.0085,0.0085,,92.82,344.08,0.0077,0.0105,,,-0.1388,0.5907,92.6033,345.3689,0.0100,0.0068,,-0.0819,-0.0860,92.6602,344.6922,0.0009,0.0002,,-0.0510,-0.0510,92.6911,344.7272,0.0005,0.0001,,-0.1818,1.6847,92.5603,346.4629,0.0020,0.0049
1/31/2020,21,100.44,345.09,,,93.27,343.80,0.0713,0.0038,,93.10,346.01,0.0730,0.0027,,93.22,346.56,0.0719,0.0042,,93.39,347.01,0.0701,0.0056,,,-0.0160,0.8280,93.2012,347.3832,0.0720,0.0066,,0.1409,0.6593,93.3581,347.2145,0.0015,0.0019,,-0.3055,-0.3055,92.9118,346.2498,0.0033,0.0009,,-0.4165,-1.0847,92.8008,345.4705,0.0045,0.0031
2/3/2020,22,100.21,358.00,,,94.70,344.05,0.0549,0.0390,,96.03,345.64,0.0417,0.0345,,97.55,345.68,0.0266,0.0344,,99.03,345.47,0.0118,0.0350,,,0.8534,0.4866,98.4019,346.1627,0.0180,0.0331,,1.8170,0.0439,99.3655,345.7200,0.0186,0.0001,,-2.7209,-2.7209,94.8276,342.9552,0.0279,0.0079,,-3.5483,0.4864,94.0002,346.1625,0.0364,0.0014
2/4/2020,23,102.48,369.01,,,95.80,346.84,0.0652,0.0601,,97.70,350.58,0.0466,0.0499,,99.15,353.07,0.0326,0.0432,,99.97,355.49,0.0245,0.0366,,,1.0021,1.8681,100.1475,354.9386,0.0228,0.0381,,1.7290,2.9841,100.8744,356.0545,0.0174,0.0085,,-2.0465,-2.0465,97.0989,351.0239,0.0206,0.0058,,-1.9872,-5.8182,97.1582,347.2522,0.0200,0.0165
2/5/2020,24,101.99,369.67,,,97.14,351.28,0.0476,0.0498,,99.62,357.95,0.0233,0.0317,,101.15,362.63,0.0083,0.0190,,101.98,366.31,0.0001,0.0091,,,1.2023,3.4072,102.3505,366.0414,0.0035,0.0098,,1.8385,5.6159,102.9868,368.2501,0.0182,0.0155,,-2.0203,-2.0203,99.1279,360.6139,0.0200,0.0056,,-1.9997,-8.8146,99.1485,353.8195,0.0198,0.0243
2/6/2020,25,102.51,366.95,,,98.11,354.96,0.0429,0.0327,,100.57,362.64,0.0190,0.0117,,101.66,366.86,0.0084,0.0003,,101.99,369.00,0.0051,0.0056,,,1.0633,3.5701,102.7187,370.4258,0.0020,0.0095,,1.3060,5.0582,102.9614,371.9138,0.0128,0.0138,,-1.1124,-1.1124,100.5430,365.7433,0.0109,0.0030,,-0.8057,-5.1401,100.8497,361.7156,0.0079,0.0140
2/7/2020,26,103.96,366.77,,,98.99,357.35,0.0478,0.0257,,101.34,364.36,0.0252,0.0066,,102.17,366.91,0.0173,0.0004,,102.41,367.36,0.0150,0.0016,,,0.9533,2.8674,103.1224,369.7797,0.0081,0.0082,,0.9890,3.0575,103.1581,369.9698,0.0097,0.0083,,-0.7532,-0.7532,101.4159,366.1591,0.0074,0.0021,,-0.5721,-1.0733,101.5970,365.8390,0.0056,0.0029
2/10/2020,27,106.70,371.07,,,99.99,359.24,0.0629,0.0319,,102.39,365.33,0.0403,0.0155,,103.25,366.83,0.0323,0.0114,,103.65,366.89,0.0285,0.0113,,,0.9781,2.2768,104.2241,369.1037,0.0232,0.0053,,1.0242,1.8004,104.2702,368.6273,0.0099,0.0049,,-0.9474,-0.9474,102.2986,365.8795,0.0092,0.0026,,-0.9760,-0.1464,102.2700,366.6805,0.0095,0.0004
2/11/2020,28,107.54,373.69,,,101.33,361.60,0.0578,0.0323,,104.11,367.62,0.0319,0.0162,,105.32,369.37,0.0207,0.0116,,106.09,370.23,0.0135,0.0092,,,1.1964,2.3306,106.5121,371.7034,0.0096,0.0053,,1.4424,2.0986,106.7581,371.4713,0.0137,0.0057,,-1.6208,-1.6208,103.6949,367.7520,0.0154,0.0044,,-1.8509,-2.0660,103.4648,367.3068,0.0176,0.0056
2/12/2020,29,108.00,380.01,,,102.57,364.02,0.0503,0.0421,,105.48,370.05,0.0233,0.0262,,106.65,371.96,0.0125,0.0212,,107.25,373.00,0.0070,0.0185,,,1.2240,2.3826,107.8743,374.3457,0.0012,0.0149,,1.3993,2.2953,108.0496,374.2584,0.0131,0.0062,,-1.4491,-1.4491,105.2012,370.5140,0.0136,0.0039,,-1.4378,-2.4855,105.2124,369.4776,0.0135,0.0067
2/13/2020,30,107.49,381.40,,,103.66,367.22,0.0357,0.0372,,106.49,374.03,0.0093,0.0193,,107.46,376.79,0.0003,0.0121,,107.85,378.61,0.0033,0.0073,,,1.1412,2.8717,108.6013,379.6629,0.0103,0.0046,,1.1635,3.3084,108.6236,380.0997,0.0108,0.0088,,-1.0655,-1.0655,106.3946,375.7257,0.0099,0.0028,,-0.9354,-4.3596,106.5247,372.4316,0.0087,0.0116
2/14/2020,31,106.74,380.40,,,104.42,370.06,0.0217,0.0272,,106.89,376.98,0.0014,0.0090,,107.48,379.56,0.0069,0.0022,,107.56,380.84,0.0077,0.0012,,,0.9170,2.8504,108.3971,382.4069,0.0155,0.0053,,0.7061,3.0912,108.1863,382.6476,0.0066,0.0081,,-0.4382,-0.4382,107.0419,379.1183,0.0041,0.0012,,-0.2031,-3.0841,107.2770,376.4724,0.0019,0.0081
2/18/2020,32,107.78,387.78,,,104.89,372.12,0.0269,0.0404,,106.83,378.35,0.0088,0.0243,,107.04,380.06,0.0069,0.0199,,106.91,380.49,0.0081,0.0188,,,0.6452,2.3815,107.6833,382.4441,0.0009,0.0138,,0.2469,2.0571,107.2850,382.1197,0.0023,0.0054,,0.0899,0.0899,107.1281,380.1525,0.0008,0.0002,,0.3130,-1.0217,107.3511,379.0409,0.0029,0.0027
2/19/2020,33,108.51,386.19,,,105.47,375.26,0.0281,0.0283,,107.21,382.12,0.0120,0.0105,,107.49,384.69,0.0095,0.0039,,107.61,386.32,0.0083,0.0003,,,0.6056,2.8313,108.0909,387.5244,0.0039,0.0035,,0.3270,3.0865,107.8124,387.7795,0.0030,0.0080,,-0.2324,-0.2324,107.2530,384.4607,0.0022,0.0006,,-0.2952,-3.9087,107.1902,380.7843,0.0027,0.0102
2/20/2020,34,107.65,386.00,,,106.08,377.44,0.0147,0.0222,,107.73,383.75,0.0007,0.0058,,108.10,385.59,0.0041,0.0011,,108.33,386.22,0.0063,0.0006,,,0.6075,2.4447,108.7083,388.0359,0.0098,0.0053,,0.4424,2.2111,108.5431,387.8024,0.0041,0.0057,,-0.4622,-0.4622,107.6386,385.1290,0.0043,0.0012,,-0.5513,-1.5003,107.5494,384.0909,0.0051,0.0039
2/21/2020,35,104.80,380.07,,,106.39,379.15,0.0152,0.0024,,107.70,384.65,0.0277,0.0120,,107.83,385.84,0.0290,0.0152,,107.79,386.04,0.0285,0.0157,,,0.4325,2.0048,108.2658,387.8413,0.0331,0.0204,,0.1584,1.4248,107.9917,387.2613,0.0015,0.0037,,-0.0244,-0.0244,107.8089,385.8121,0.0002,0.0001,,0.1037,-0.4963,107.9370,385.3402,0.0010,0.0013
2/24/2020,36,100.46,368.70,,,106.07,379.34,0.0558,0.0289,,106.54,382.82,0.0605,0.0383,,106.01,382.38,0.0552,0.0371,,105.40,381.26,0.0491,0.0341,,,-0.0181,0.9119,105.9943,383.2885,0.0550,0.0396,,-0.6333,-0.5291,105.3791,381.8475,0.0060,0.0014,,1.0828,1.0828,107.0952,383.4594,0.0102,0.0028,,1.4774,2.6687,107.4899,385.0453,0.0139,0.0070
2/25/2020,37,98.64,360.09,,,104.95,377.21,0.0640,0.0475,,104.11,377.17,0.0555,0.0474,,102.68,374.17,0.0410,0.0391,,101.45,371.21,0.0285,0.0309,,,-0.6803,-0.9117,102.0034,373.2590,0.0341,0.0366,,-1.7115,-3.5998,100.9722,370.5708,0.0167,0.0096,,2.4304,2.4304,105.1140,376.6010,0.0237,0.0065,,2.9585,7.0985,105.6422,381.2691,0.0288,0.0190
2/26/2020,38,98.98,379.24,,,103.69,373.79,0.0476,0.0144,,101.92,370.34,0.0297,0.0235,,100.26,365.72,0.0129,0.0356,,99.20,362.31,0.0022,0.0446,,,-1.0298,-2.4190,99.2259,363.3032,0.0025,0.0420,,-1.9981,-5.5393,98.2576,360.1830,0.0199,0.0151,,2.4289,2.4289,102.6846,368.1512,0.0242,0.0066,,2.5341,8.1784,102.7898,373.9007,0.0253,0.0224
2/27/2020,39,94.21,371.71,,,102.75,374.88,0.0906,0.0085,,100.74,373.90,0.0693,0.0059,,99.49,373.83,0.0560,0.0057,,99.02,375.85,0.0510,0.0112,,,-0.9770,-0.3131,98.5130,373.5198,0.0456,0.0049,,-1.5051,-0.0793,97.9848,373.7536,0.0151,0.0002,,1.4310,1.4310,100.9210,375.2639,0.0144,0.0038,,1.1194,-4.8528,100.6093,368.9801,0.0113,0.0130
2/28/2020,40,94.19,369.03,,,101.04,374.24,0.0728,0.0141,,98.13,373.02,0.0419,0.0108,,96.32,372.56,0.0227,0.0096,,95.18,372.54,0.0105,0.0095,,,-1.4146,-0.5052,94.9104,372.0539,0.0077,0.0082,,-2.1691,-0.5571,94.1559,372.0021,0.0225,0.0015,,2.4714,2.4714,98.7964,375.0305,0.0257,0.0066,,2.7559,0.0484,99.0808,372.6076,0.0286,0.0001
3/2/2020,41,97.70,381.05,,,99.67,373.20,0.0202,0.0206,,96.55,371.43,0.0117,0.0253,,95.04,370.44,0.0272,0.0278,,94.39,369.73,0.0339,0.0297,,,-1.3882,-0.8277,93.6543,369.6140,0.0414,0.0300,,-1.8144,-1.1812,93.2281,369.2604,0.0191,0.0032,,1.7580,1.7580,96.8005,372.1997,0.0185,0.0047,,1.5772,1.7037,96.6197,372.1453,0.0166,0.0046
3/3/2020,42,95.45,368.77,,,99.28,374.77,0.0401,0.0163,,97.01,375.28,0.0164,0.0176,,96.64,376.81,0.0124,0.0218,,97.04,378.79,0.0166,0.0272,,,-0.7919,0.6109,95.8436,377.4175,0.0041,0.0234,,-0.4515,1.8373,96.1840,378.6439,0.0047,0.0049,,-0.2526,-0.2526,96.3829,376.5541,0.0026,0.0007,,-0.9590,-4.7513,95.6765,372.0554,0.0099,0.0126
3/4/2020,43,98.79,383.79,,,98.51,373.57,0.0028,0.0266,,96.39,372.67,0.0243,0.0290,,95.92,371.98,0.0290,0.0308,,95.77,370.77,0.0306,0.0339,,,-0.7759,-0.4757,95.1480,371.5089,0.0369,0.0320,,-0.5555,-0.8264,95.3684,371.1582,0.0058,0.0022,,0.3259,0.3259,96.2498,372.3106,0.0034,0.0009,,0.3775,2.9073,96.3014,374.8920,0.0039,0.0078
3/5/2020,44,96.20,372.78,,,98.57,375.61,0.0246,0.0076,,97.35,377.12,0.0119,0.0116,,97.64,379.07,0.0150,0.0169,,98.19,381.19,0.0206,0.0226,,,-0.2766,1.0361,97.3679,380.1039,0.0121,0.0196,,0.3549,2.3374,97.9994,381.4053,0.0036,0.0062,,-0.9020,-0.9020,96.7425,378.1659,0.0092,0.0024,,-1.3009,-5.0851,96.3435,373.9828,0.0133,0.0134
3/6/2020,45,95.05,368.97,,,98.09,375.05,0.0320,0.0165,,96.89,375.38,0.0193,0.0174,,96.78,375.30,0.0181,0.0171,,96.60,374.46,0.0162,0.0149,,,-0.3944,0.0743,96.3843,375.3695,0.0140,0.0173,,-0.1334,-0.1066,96.6453,375.1885,0.0014,0.0003,,0.1587,0.1587,96.9374,375.4538,0.0016,0.0004,,0.4324,2.0012,97.2111,377.2963,0.0045,0.0053
3/9/2020,46,90.03,346.49,,,97.49,373.83,0.0828,0.0789,,96.16,372.82,0.0680,0.0760,,95.74,371.50,0.0635,0.0722,,95.36,370.07,0.0592,0.0680,,,-0.5224,-0.6996,95.2217,370.8005,0.0577,0.0702,,-0.4938,-1.5820,95.2503,369.9180,0.0052,0.0043,,0.6842,0.6842,96.4284,372.1842,0.0071,0.0018,,0.9141,3.4363,96.6583,374.9364,0.0095,0.0092
3/10/2020,47,94.59,364.13,,,95.99,368.36,0.0148,0.0116,,93.71,362.29,0.0094,0.0051,,92.32,356.49,0.0241,0.0210,,91.10,351.21,0.0369,0.0355,,,-1.1036,-3.5609,91.2124,352.9332,0.0357,0.0307,,-1.6676,-6.9516,90.6484,349.5424,0.0181,0.0195,,2.3306,2.3306,94.6466,358.8246,0.0252,0.0065,,2.9254,12.6921,95.2414,369.1861,0.0317,0.0356
3/11/2020,48,91.04,349.92,,,95.71,367.52,0.0513,0.0503,,94.06,363.02,0.0331,0.0374,,93.68,361.08,0.0290,0.0319,,93.89,361.55,0.0313,0.0332,,,-0.6099,-1.9324,93.0711,359.1432,0.0223,0.0264,,-0.4545,-2.3383,93.2265,358.7373,0.0049,0.0065,,0.1132,0.1132,93.7942,361.1888,0.0012,0.0003,,-0.5069,-1.1269,93.1740,359.9488,0.0054,0.0031
3/12/2020,49,83.83,315.25,,,94.78,364.00,0.1306,0.1546,,92.85,357.78,0.1076,0.1349,,92.10,354.38,0.0986,0.1241,,91.61,352.25,0.0928,0.1174,,,-0.8045,-2.8846,91.2937,351.4977,0.0890,0.1150,,-0.9058,-4.0803,91.1924,350.3019,0.0098,0.0115,,0.9950,0.9950,93.0932,355.3772,0.0108,0.0028,,1.1648,5.1293,93.2630,359.5116,0.0126,0.0145
3/13/2020,50,89.25,336.30,,,92.59,354.25,0.0374,0.0534,,89.24,340.77,0.0001,0.0133,,87.14,330.90,0.0237,0.0160,,85.39,322.65,0.0433,0.0406,,,-1.6357,-7.0035,85.5019,323.8994,0.0420,0.0369,,-2.5278,-11.8399,84.6098,319.0630,0.0290,0.0358,,3.3744,3.3744,90.5119,334.2773,0.0387,0.0102,,4.2015,19.8093,91.3390,350.7122,0.0482,0.0599
3/16/2020,51,84.46,298.84,,,91.92,350.66,0.0884,0.1734,,89.25,338.98,0.0567,0.1343,,88.41,334.14,0.0467,0.1181,,88.48,333.57,0.0476,0.1162,,,-1.0551,-4.9552,87.3500,329.1860,0.0342,0.1015,,-1.0097,-5.8087,87.3954,328.3325,0.0114,0.0174,,0.5893,0.5893,88.9943,334.7304,0.0067,0.0018,,-0.1737,1.3713,88.2314,335.5124,0.0020,0.0041
3/17/2020,52,90.39,319.75,,,90.43,340.29,0.0004,0.0643,,87.33,322.93,0.0339,0.0099,,86.04,312.96,0.0482,0.0212,,85.26,305.79,0.0568,0.0437,,,-1.3178,-8.2003,84.7188,304.7602,0.0628,0.0469,,-1.5532,-11.9575,84.4833,301.0030,0.0181,0.0382,,1.6568,1.6568,87.6933,314.6173,0.0193,0.0053,,1.8601,17.2188,87.8966,330.1793,0.0216,0.0550
3/18/2020,53,91.50,315.47,,,90.42,336.19,0.0118,0.0657,,88.56,321.66,0.0322,0.0196,,88.65,317.03,0.0311,0.0050,,89.37,316.96,0.0233,0.0047,,,-0.5315,-5.7455,88.1183,311.2887,0.0370,0.0133,,0.1134,-5.5450,88.7632,311.4892,0.0013,0.0175,,-0.9052,-0.9052,87.7446,316.1289,0.0102,0.0029,,-1.7186,0.1848,86.9312,317.2190,0.0194,0.0006
3/19/2020,54,94.05,332.03,,,90.64,332.04,0.0363,0.0000,,89.73,319.18,0.0459,0.0387,,90.36,316.10,0.0392,0.0480,,91.07,315.77,0.0316,0.0490,,,-0.0832,-4.7841,90.2767,311.3116,0.0401,0.0624,,0.7521,-3.7024,91.1120,312.3933,0.0083,0.0117,,-1.3882,-1.3882,88.9718,314.7075,0.0154,0.0044,,-1.7118,0.7878,88.6481,316.8834,0.0189,0.0025
3/20/2020,55,92.30,332.83,,,91.32,332.04,0.0107,0.0024,,91.46,324.32,0.0092,0.0256,,92.57,325.66,0.0029,0.0216,,93.45,328.78,0.0124,0.0122,,,0.3758,-1.9151,92.9477,323.7411,0.0070,0.0273,,1.3360,1.6028,93.9079,327.2591,0.0144,0.0049,,-1.8824,-1.8824,90.6894,323.7738,0.0203,0.0058,,-2.1119,-7.4909,90.4599,318.1653,0.0228,0.0230
3/23/2020,56,95.14,360.27,,,91.52,332.20,0.0381,0.0779,,91.80,327.72,0.0352,0.0903,,92.41,329.96,0.0287,0.0841,,92.53,332.02,0.0274,0.0784,,,0.2686,-0.6713,92.6800,329.2892,0.0259,0.0860,,0.7374,2.6834,93.1489,332.6439,0.0080,0.0081,,-0.6567,-0.6567,91.7547,329.3038,0.0071,0.0020,,-0.2940,-4.9416,92.1174,325.0189,0.0032,0.0150
3/24/2020,57,97.00,357.32,,,92.24,337.81,0.0491,0.0546,,93.13,340.74,0.0399,0.0464,,94.05,348.15,0.0305,0.0257,,94.62,354.62,0.0246,0.0076,,,0.5425,3.1001,94.5919,351.2463,0.0249,0.0170,,1.0977,8.8843,95.1472,357.0305,0.0117,0.0255,,-1.2455,-1.2455,92.8040,346.9007,0.0132,0.0036,,-1.3692,-15.5369,92.6802,332.6093,0.0146,0.0446
3/25/2020,58,94.29,342.39,,,93.19,341.71,0.0116,0.0020,,94.68,347.37,0.0041,0.0146,,95.82,353.65,0.0162,0.0329,,96.53,356.78,0.0237,0.0420,,,0.7886,3.5810,96.6114,357.2314,0.0246,0.0433,,1.3679,7.5323,97.1907,361.1828,0.0143,0.0213,,-1.5622,-1.5622,94.2606,352.0883,0.0163,0.0044,,-1.6925,-7.5108,94.1303,346.1397,0.0177,0.0212
3/26/2020,59,97.77,362.99,,,93.41,341.85,0.0446,0.0582,,94.53,345.38,0.0332,0.0485,,94.90,346.89,0.0294,0.0443,,94.74,345.27,0.0310,0.0488,,,0.4472,1.5135,95.3515,348.4077,0.0248,0.0402,,0.4534,1.8169,95.3577,348.7111,0.0048,0.0052,,-0.0738,-0.0738,94.8305,346.8204,0.0008,0.0002,,0.3963,3.9029,95.3006,350.7971,0.0042,0.0113
3/27/2020,60,95.00,357.12,,,94.29,346.08,0.0076,0.0309,,95.83,352.42,0.0086,0.0131,,96.63,356.55,0.0171,0.0016,,97.17,359.45,0.0228,0.0065,,,0.7022,3.1423,97.3286,359.6940,0.0245,0.0072,,0.9609,4.9531,97.5873,361.5048,0.0099,0.0139,,-1.0628,-1.0628,95.5636,355.4889,0.0110,0.0030,,-1.2984,-6.9454,95.3280,349.6063,0.0134,0.0195
3/30/2020,61,98.20,370.96,,,94.43,348.29,0.0384,0.0611,,95.50,354.30,0.0275,0.0449,,95.65,356.89,0.0259,0.0379,,95.44,357.59,0.0281,0.0361,,,0.3672,2.5820,96.0208,359.4747,0.0222,0.0310,,0.1874,3.1083,95.8409,360.0009,0.0020,0.0087,,0.1586,0.1586,95.8122,357.0513,0.0017,0.0004,,0.5186,-1.6619,96.1722,355.2308,0.0054,0.0047
3/31/2020,62,97.49,375.50,,,95.18,352.82,0.0236,0.0604,,96.58,360.97,0.0093,0.0387,,97.18,365.33,0.0031,0.0271,,97.65,368.29,0.0016,0.0192,,,0.5990,3.7537,97.7789,369.0868,0.0030,0.0171,,0.7230,5.2411,97.9029,370.5742,0.0074,0.0143,,-0.8524,-0.8524,96.3276,364.4807,0.0088,0.0023,,-1.1174,-7.0847,96.0626,358.2484,0.0115,0.0194
4/1/2020,63,95.39,364.08,,,95.64,357.36,0.0027,0.0185,,96.94,366.78,0.0163,0.0074,,97.36,371.43,0.0207,0.0202,,97.52,374.06,0.0224,0.0274,,,0.5159,4.2230,97.8795,375.6562,0.0262,0.0318,,0.5072,5.5847,97.8708,377.0180,0.0052,0.0150,,-0.4511,-0.4511,96.9124,370.9821,0.0046,0.0012,,-0.3704,-6.2971,96.9932,365.1362,0.0038,0.0170
4/2/2020,64,95.94,370.08,,,95.59,358.70,0.0036,0.0307,,96.32,365.70,0.0039,0.0118,,96.18,367.02,0.0024,0.0083,,95.81,366.08,0.0014,0.0108,,,0.1753,2.4960,96.3518,369.5173,0.0043,0.0015,,-0.1705,1.5861,96.0059,368.6073,0.0018,0.0043,,0.5318,0.5318,96.7083,367.5531,0.0055,0.0014,,0.8756,2.2701,97.0521,369.2914,0.0091,0.0062
4/3/2020,65,95.33,361.76,,,95.66,360.98,0.0035,0.0022,,96.17,367.45,0.0088,0.0157,,96.04,368.86,0.0074,0.0196,,95.92,369.28,0.0061,0.0208,,,0.1121,2.3639,96.1475,371.2204,0.0086,0.0262,,-0.1587,1.6857,95.8768,370.5422,0.0017,0.0046,,0.2973,0.2973,96.3328,369.1538,0.0031,0.0008,,0.2879,-1.0142,96.3234,367.8424,0.0030,0.0027
4/6/2020,66,99.88,379.96,,,95.60,361.13,0.0429,0.0495,,95.83,365.18,0.0405,0.0389,,95.61,364.60,0.0427,0.0404,,95.45,363.26,0.0444,0.0439,,,0.0049,1.0395,95.6168,365.6381,0.0427,0.0377,,-0.2646,-0.6917,95.3472,363.9069,0.0028,0.0019,,0.3731,0.3731,95.9850,364.9717,0.0039,0.0010,,0.3964,3.2035,96.0083,367.8021,0.0041,0.0088
4/7/2020,67,100.58,372.28,,,96.45,364.90,0.0410,0.0198,,97.45,371.09,0.0311,0.0032,,98.17,373.82,0.0239,0.0041,,98.99,376.62,0.0158,0.0117,,,0.5161,2.6750,98.6885,376.4904,0.0188,0.0113,,0.8654,3.2717,99.0379,377.0871,0.0088,0.0088,,-1.3871,-1.3871,96.7853,372.4283,0.0141,0.0037,,-1.9692,-6.7328,96.2033,367.0827,0.0201,0.0180
4/8/2020,68,102.15,371.12,,,97.28,366.38,0.0477,0.0128,,98.70,371.57,0.0337,0.0012,,99.62,372.89,0.0248,0.0048,,100.26,373.15,0.0185,0.0055,,,0.7018,1.9557,100.3187,374.8499,0.0179,0.0101,,1.0971,1.5945,100.7141,374.4887,0.0110,0.0043,,-1.4216,-1.4216,98.1954,371.4726,0.0143,0.0038,,-1.5495,-0.6095,98.0675,372.2846,0.0156,0.0016
4/9/2020,69,102.14,370.72,,,98.25,367.32,0.0380,0.0092,,100.08,371.39,0.0201,0.0018,,101.14,371.83,0.0098,0.0030,,101.77,371.53,0.0036,0.0022,,,0.8654,1.3517,102.0022,373.1813,0.0013,0.0066,,1.2662,0.5309,102.4030,372.3606,0.0125,0.0014,,-1.4805,-1.4805,99.6563,370.3492,0.0146,0.0040,,-1.5257,0.7297,99.6111,372.5594,0.0151,0.0020
4/13/2020,70,108.44,396.72,,,99.03,368.00,0.0868,0.0724,,100.90,371.12,0.0695,0.0645,,101.74,371.16,0.0618,0.0644,,102.06,370.88,0.0588,0.0651,,,0.8124,0.9482,102.5500,372.1120,0.0543,0.0620,,1.0000,0.0522,102.7375,371.2161,0.0098,0.0001,,-0.9526,-0.9526,100.7849,370.2112,0.0094,0.0026,,-0.7857,0.6786,100.9518,371.8424,0.0077,0.0018
4/14/2020,71,114.17,413.55,,,100.91,373.75,0.1161,0.0962,,103.92,381.36,0.0897,0.0778,,105.76,386.50,0.0736,0.0654,,107.17,391.55,0.0613,0.0532,,,1.4547,3.8253,107.2158,390.3228,0.0609,0.0562,,2.2094,6.1648,107.9705,392.6624,0.0209,0.0160,,-2.7952,-2.7952,102.9659,383.7023,0.0264,0.0072,,-3.3760,-12.1312,102.3851,374.3663,0.0319,0.0314
4/15/2020,72,115.38,426.75,,,103.56,381.71,0.1024,0.1055,,108.02,394.24,0.0638,0.0762,,110.80,402.73,0.0397,0.0563,,112.77,409.15,0.0227,0.0412,,,2.1723,6.3065,112.9764,409.0355,0.0209,0.0415,,3.3428,10.1915,114.1469,412.9205,0.0302,0.0253,,-4.1438,-4.1438,106.6602,398.5852,0.0374,0.0103,,-4.7096,-15.4114,106.0945,387.3176,0.0425,0.0383
4/16/2020,73,120.41,439.17,,,105.93,390.72,0.1203,0.1103,,110.96,407.24,0.0784,0.0727,,113.55,417.14,0.0570,0.0502,,114.86,423.23,0.0461,0.0363,,,2.2875,7.9277,115.8395,425.0693,0.0380,0.0321,,3.1049,11.8799,116.6569,429.0215,0.0273,0.0285,,-3.3063,-3.3063,110.2457,413.8353,0.0291,0.0079,,-3.1403,-14.6124,110.4117,402.5292,0.0277,0.0350
4/17/2020,74,118.75,422.96,,,108.82,400.41,0.0836,0.0533,,114.74,420.01,0.0337,0.0070,,117.67,430.36,0.0091,0.0175,,119.30,435.98,0.0046,0.0308,,,2.6529,8.9856,120.3194,439.3442,0.0132,0.0387,,3.5087,12.4148,121.1752,442.7734,0.0298,0.0288,,-3.7912,-3.7912,113.8753,426.5674,0.0322,0.0088,,-3.9196,-13.4961,113.7469,416.8625,0.0333,0.0314
4/20/2020,75,119.68,437.49,,,110.81,404.92,0.0741,0.0745,,116.35,421.19,0.0279,0.0373,,118.32,425.92,0.0114,0.0264,,118.86,425.56,0.0069,0.0273,,,2.2523,6.3006,120.5689,432.2201,0.0074,0.0120,,2.3653,5.6732,120.6819,431.5926,0.0200,0.0133,,-1.9065,-1.9065,116.4101,424.0129,0.0161,0.0045,,-1.3040,0.8521,117.0126,426.7716,0.0110,0.0020
4/21/2020,76,116.41,433.83,,,112.58,411.43,0.0328,0.0516,,117.68,427.71,0.0109,0.0141,,119.13,432.86,0.0234,0.0022,,119.52,435.10,0.0267,0.0029,,,1.9655,6.4290,121.1005,439.2908,0.0403,0.0126,,1.7465,6.1808,120.8814,439.0426,0.0147,0.0143,,-1.2536,-1.2536,117.8813,431.6082,0.0105,0.0029,,-0.9155,-5.3834,118.2195,427.4783,0.0077,0.0124
4/22/2020,77,118.17,421.42,,,113.35,415.91,0.0408,0.0131,,117.17,430.16,0.0085,0.0207,,117.50,433.44,0.0057,0.0285,,117.03,434.08,0.0097,0.0301,,,1.2449,5.2594,118.7425,438.7021,0.0048,0.0410,,0.3930,3.9409,117.8905,437.3836,0.0033,0.0091,,0.4810,0.4810,117.9785,433.9237,0.0041,0.0011,,1.1268,-1.5414,118.6244,431.9013,0.0096,0.0036
4/23/2020,78,119.97,426.70,,,114.31,417.01,0.0472,0.0227,,117.57,426.66,0.0200,0.0001,,117.90,426.23,0.0172,0.0011,,117.95,423.95,0.0169,0.0064,,,1.0772,2.7648,118.9809,428.9939,0.0083,0.0054,,0.3982,-0.5209,118.3020,425.7082,0.0034,0.0012,,-0.0513,-0.0513,117.8524,426.1778,0.0004,0.0001,,-0.0996,5.4626,117.8042,431.6917,0.0008,0.0128
4/24/2020,79,120.51,424.99,,,115.45,418.95,0.0420,0.0142,,118.53,426.68,0.0164,0.0040,,119.14,426.51,0.0113,0.0036,,119.57,426.15,0.0078,0.0027,,,1.1100,2.2683,120.2550,428.7800,0.0021,0.0089,,0.7354,-0.1995,119.8804,426.3121,0.0062,0.0005,,-0.7653,-0.7653,118.3797,425.7464,0.0064,0.0018,,-1.0129,0.8665,118.1321,427.3781,0.0085,0.0020
4/27/2020,80,118.80,421.38,,,116.46,420.16,0.0197,0.0029,,119.32,426.00,0.0044,0.0110,,119.96,425.60,0.0098,0.0100,,120.32,425.22,0.0128,0.0091,,,1.0519,1.6321,121.0165,427.2307,0.0187,0.0139,,0.7691,-0.4849,120.7337,425.1137,0.0064,0.0011,,-0.7979,-0.7979,119.1667,424.8008,0.0067,0.0019,,-0.8583,0.9037,119.1063,426.5023,0.0072,0.0021
4/28/2020,81,115.70,403.83,,,116.93,420.40,0.0106,0.0410,,119.11,424.15,0.0295,0.0503,,119.27,423.07,0.0308,0.0476,,119.10,422.15,0.0294,0.0454,,,0.7018,0.7994,119.9676,423.8669,0.0368,0.0496,,0.1820,-1.3034,119.4478,421.7640,0.0015,0.0031,,0.1001,0.1001,119.3659,423.1676,0.0008,0.0002,,0.3874,2.2057,119.6532,425.2732,0.0032,0.0052
4/29/2020,82,118.64,411.89,,,116.68,417.09,0.0165,0.0126,,117.75,416.02,0.0075,0.0100,,117.13,411.52,0.0127,0.0009,,116.38,407.49,0.0190,0.0107,,,0.1340,-1.6690,117.2627,409.8560,0.0116,0.0049,,-0.7457,-5.3990,116.3831,406.1259,0.0064,0.0131,,1.3223,1.3223,118.4510,412.8473,0.0113,0.0032,,1.7872,9.6751,118.9159,421.2001,0.0153,0.0235
4/30/2020,83,123.70,419.85,,,117.07,416.05,0.0536,0.0091,,118.10,414.37,0.0452,0.0131,,118.03,411.74,0.0458,0.0193,,118.19,411.01,0.0446,0.0211,,,0.2880,-1.2914,118.3208,410.4526,0.0435,0.0224,,-0.0858,-3.1518,117.9470,408.5922,0.0007,0.0077,,-0.0135,-0.0135,118.0193,411.7305,0.0001,0.0000,,-0.3658,1.7598,117.6670,413.5038,0.0031,0.0043
5/1/2020,84,114.30,415.27,,,118.40,416.81,0.0358,0.0037,,120.34,416.56,0.0528,0.0031,,121.43,416.61,0.0624,0.0032,,122.60,418.08,0.0726,0.0068,,,0.9105,-0.0604,122.3436,416.5472,0.0704,0.0031,,1.3087,0.0543,122.7418,416.6620,0.0108,0.0001,,-2.0456,-2.0456,119.3875,414.5620,0.0168,0.0049,,-2.7934,-3.5389,118.6397,413.0687,0.0230,0.0085
5/4/2020,85,115.80,428.15,,,117.58,416.50,0.0154,0.0272,,117.93,416.05,0.0184,0.0283,,117.15,415.81,0.0117,0.0288,,115.96,415.83,0.0014,0.0288,,,-0.1274,-0.2088,117.0271,415.5962,0.0106,0.0293,,-0.9263,-0.2884,116.2282,415.5166,0.0079,0.0007,,1.7490,1.7490,118.9034,417.5540,0.0149,0.0042,,2.8643,-0.0657,120.0187,415.7393,0.0244,0.0002
5/5/2020,86,115.89,424.68,,,117.22,418.83,0.0115,0.0138,,117.08,420.89,0.0102,0.0089,,116.34,423.21,0.0039,0.0035,,115.83,425.69,0.0005,0.0024,,,-0.2645,1.3143,116.0770,424.5264,0.0016,0.0004,,-0.8809,2.7897,115.4605,426.0017,0.0076,0.0066,,1.1874,1.1874,117.5288,424.3994,0.0102,0.0028,,1.2232,-5.9387,117.5647,417.2733,0.0105,0.0140
5/6/2020,87,117.56,434.26,,,116.96,420.00,0.0052,0.0328,,116.60,422.40,0.0082,0.0273,,116.07,424.09,0.0127,0.0234,,115.88,424.88,0.0143,0.0216,,,-0.2658,1.2276,115.8048,425.3204,0.0150,0.0206,,-0.6369,2.0262,115.4337,426.1190,0.0055,0.0048,,0.6375,0.6375,116.7081,424.7303,0.0055,0.0015,,0.4614,-1.8924,116.5319,422.2004,0.0040,0.0045
5/7/2020,88,118.38,436.53,,,117.08,422.85,0.0110,0.0313,,116.99,427.15,0.0118,0.0215,,116.97,430.19,0.0119,0.0145,,117.23,432.38,0.0098,0.0095,,,-0.0335,2.2022,116.9325,432.3953,0.0122,0.0095,,-0.0240,3.6558,116.9421,433.8490,0.0002,0.0085,,-0.2823,-0.2823,116.6838,429.9108,0.0024,0.0007,,-0.6241,-5.2587,116.3420,424.9344,0.0053,0.0122
5/8/2020,89,118.98,435.55,,,117.34,425.59,0.0138,0.0229,,117.54,430.90,0.0121,0.0107,,117.81,434.00,0.0098,0.0036,,118.15,435.70,0.0070,0.0003,,,0.1429,2.5222,117.9576,436.5174,0.0086,0.0022,,0.3251,3.7143,118.1398,437.7096,0.0028,0.0086,,-0.6221,-0.6221,117.1926,433.3731,0.0053,0.0014,,-0.8038,-4.0934,117.0110,429.9018,0.0068,0.0094
5/11/2020,90,120.45,440.52,,,117.67,427.58,0.0231,0.0294,,118.12,432.76,0.0194,0.0176,,118.51,434.93,0.0161,0.0127,,118.81,435.58,0.0136,0.0112,,,0.2542,2.2043,118.7684,437.1324,0.0140,0.0077,,0.4748,2.6017,118.9890,437.5298,0.0040,0.0060,,-0.6685,-0.6685,117.8457,434.2596,0.0056,0.0015,,-0.7203,-1.5650,117.7939,433.3631,0.0061,0.0036
5/12/2020,91,117.85,431.82,,,118.22,430.17,0.0032,0.0038,,119.05,435.86,0.0102,0.0094,,119.68,438.28,0.0155,0.0150,,120.12,439.53,0.0193,0.0179,,,0.4357,2.4345,120.1114,440.7177,0.0192,0.0206,,0.7495,2.9031,120.4252,441.1863,0.0063,0.0066,,-0.9643,-0.9643,118.7114,437.3189,0.0081,0.0022,,-1.0733,-2.9971,118.6024,435.2861,0.0090,0.0068
5/13/2020,92,118.40,438.27,,,118.15,430.50,0.0021,0.0177,,118.57,434.25,0.0015,0.0092,,118.58,434.41,0.0015,0.0088,,118.30,433.36,0.0008,0.0112,,,0.1292,1.1720,118.7079,435.5773,0.0026,0.0061,,0.0109,0.1907,118.5897,434.5960,0.0001,0.0004,,0.2724,0.2724,118.8512,434.6777,0.0023,0.0006,,0.6629,2.5029,119.2416,436.9082,0.0056,0.0058
5/14/2020,93,119.44,441.95,,,118.20,432.05,0.0104,0.0224,,118.50,435.86,0.0079,0.0138,,118.47,436.72,0.0081,0.0118,,118.38,437.29,0.0089,0.0105,,,0.0814,1.4014,118.5505,438.1255,0.0075,0.0087,,-0.0373,1.0419,118.4318,437.7661,0.0003,0.0024,,0.1748,0.1748,118.6439,436.8989,0.0015,0.0004,,0.2203,-1.3545,118.6894,435.3696,0.0019,0.0031
5/15/2020,94,120.49,454.19,,,118.45,434.03,0.0169,0.0444,,118.88,438.29,0.0134,0.0350,,119.05,439.86,0.0119,0.0316,,119.23,441.02,0.0105,0.0290,,,0.1819,1.7482,119.2351,441.6078,0.0104,0.0277,,0.2112,1.8794,119.2644,441.7390,0.0018,0.0043,,-0.2805,-0.2805,118.7726,439.5791,0.0024,0.0006,,-0.4232,-2.7793,118.6300,437.0803,0.0036,0.0063
5/18/2020,95,121.31,452.58,,,118.86,438.06,0.0203,0.0321,,119.52,444.65,0.0148,0.0175,,119.91,448.46,0.0115,0.0091,,120.24,451.56,0.0089,0.0023,,,0.3178,3.1182,120.2325,451.5761,0.0089,0.0022,,0.4713,4.5669,120.3860,453.0248,0.0039,0.0102,,-0.6291,-0.6291,119.2855,447.8287,0.0052,0.0014,,-0.7738,-7.4344,119.1408,441.0234,0.0065,0.0166
5/19/2020,96,122.47,451.04,,,119.35,440.97,0.0255,0.0223,,120.24,447.82,0.0182,0.0071,,120.75,450.93,0.0140,0.0002,,121.10,452.38,0.0112,0.0030,,,0.4221,2.9892,121.1757,453.9203,0.0105,0.0064,,0.6184,3.7295,121.3721,454.6606,0.0051,0.0083,,-0.7551,-0.7551,119.9986,450.1761,0.0063,0.0017,,-0.8260,-3.4655,119.9277,447.4656,0.0068,0.0077
5/20/2020,97,124.90,447.67,,,119.97,442.98,0.0394,0.0105,,121.13,449.11,0.0302,0.0032,,121.78,451.00,0.0249,0.0074,,122.19,451.31,0.0217,0.0081,,,0.5432,2.4044,122.3246,453.4009,0.0206,0.0128,,0.7821,2.2638,122.5635,453.2603,0.0064,0.0050,,-0.9186,-0.9186,120.8627,450.0778,0.0075,0.0020,,-0.9874,-0.7454,120.7940,450.2511,0.0081,0.0017
5/21/2020,98,122.34,436.25,,,120.96,443.92,0.0113,0.0176,,122.64,448.53,0.0024,0.0282,,123.65,449.00,0.0107,0.0292,,124.36,448.40,0.0165,0.0278,,,0.8084,1.5244,124.4592,450.5250,0.0173,0.0327,,1.2170,0.5599,124.8678,449.5605,0.0098,0.0012,,-1.4891,-1.4891,122.1617,447.5115,0.0120,0.0033,,-1.6930,1.4476,121.9578,450.4482,0.0137,0.0032
5/22/2020,99,121.84,429.32,,,121.23,442.39,0.0050,0.0304,,122.52,443.62,0.0055,0.0333,,122.86,441.35,0.0084,0.0280,,122.74,438.68,0.0074,0.0218,,,0.4891,-0.3106,123.3516,441.0397,0.0124,0.0273,,0.4149,-2.7242,123.2774,438.6261,0.0034,0.0062,,-0.1227,-0.1227,122.7398,441.2276,0.0010,0.0003,,0.2920,6.4098,123.1545,447.7600,0.0024,0.0145
5/26/2020,100,121.09,414.77,,,121.35,439.77,0.0022,0.0603,,122.25,437.90,0.0095,0.0558,,122.25,434.13,0.0096,0.0467,,122.02,431.19,0.0077,0.0396,,,0.2691,-1.6921,122.5205,432.4400,0.0118,0.0426,,0.0045,-4.5218,122.2559,429.6103,0.0000,0.0104,,0.3176,0.3176,122.5690,434.4497,0.0026,0.0007,,0.5473,7.0565,122.7987,441.1886,0.0045,0.0163
5/27/2020,101,120.52,419.89,,,121.30,434.77,0.0065,0.0354,,121.79,428.65,0.0105,0.0209,,121.56,422.51,0.0086,0.0063,,121.28,418.05,0.0063,0.0044,,,0.0762,-3.6771,121.6326,418.8377,0.0092,0.0025,,-0.2753,-7.3600,121.2811,415.1549,0.0023,0.0174,,0.5441,0.5441,122.1004,423.0589,0.0045,0.0013,,0.6655,10.7051,122.2218,433.2199,0.0055,0.0253
5/28/2020,102,120.06,413.44,,,121.15,431.80,0.0091,0.0444,,121.28,425.14,0.0102,0.0283,,120.93,420.94,0.0073,0.0181,,120.67,419.52,0.0051,0.0147,,,-0.0634,-3.2567,120.8708,417.6833,0.0068,0.0103,,-0.4140,-5.0459,120.5202,415.8940,0.0034,0.0120,,0.5909,0.5909,121.5251,421.5308,0.0049,0.0014,,0.6308,3.4009,121.5650,424.3409,0.0052,0.0081
5/29/2020,103,122.12,419.73,,,120.93,428.12,0.0098,0.0200,,120.79,420.46,0.0109,0.0017,,120.41,416.44,0.0140,0.0078,,120.18,414.66,0.0159,0.0121,,,-0.1563,-3.5053,120.2504,412.9346,0.0153,0.0162,,-0.4594,-4.8275,119.9473,411.6124,0.0038,0.0116,,0.5529,0.5529,120.9596,416.9929,0.0046,0.0013,,0.5482,4.2802,120.9549,420.7201,0.0046,0.0103
6/1/2020,104,123.55,425.92,,,121.17,426.45,0.0193,0.0012,,121.32,420.17,0.0181,0.0135,,121.43,418.41,0.0171,0.0176,,121.73,418.72,0.0147,0.0169,,,0.0804,-2.4095,121.5142,416.0045,0.0165,0.0233,,0.1352,-2.1069,121.5689,416.3071,0.0011,0.0050,,-0.3951,-0.3951,121.0387,418.0189,0.0033,0.0009,,-0.7120,-0.7232,120.7218,417.6908,0.0059,0.0017
6/2/2020,105,123.62,427.31,,,121.64,426.34,0.0160,0.0023,,122.21,422.47,0.0114,0.0113,,122.70,422.92,0.0074,0.0103,,123.19,424.48,0.0035,0.0066,,,0.3185,-1.0268,123.0232,421.8908,0.0048,0.0127,,0.5895,0.5373,123.2942,423.4549,0.0048,0.0013,,-0.9206,-0.9206,121.7841,421.9970,0.0075,0.0022,,-1.1592,-3.7475,121.5456,419.1701,0.0094,0.0089
6/3/2020,106,123.92,421.97,,,122.04,426.53,0.0152,0.0108,,122.78,424.41,0.0092,0.0058,,123.25,425.55,0.0054,0.0085,,123.53,426.74,0.0031,0.0113,,,0.3647,-0.2944,123.6189,425.2586,0.0024,0.0078,,0.5735,1.3765,123.8277,426.9296,0.0047,0.0032,,-0.6979,-0.6979,122.5563,424.8551,0.0057,0.0016,,-0.6714,-2.8579,122.5828,422.6952,0.0054,0.0067
6/4/2020,107,123.03,414.33,,,122.41,425.62,0.0050,0.0273,,123.23,423.43,0.0017,0.0220,,123.65,423.40,0.0051,0.0219,,123.84,422.92,0.0066,0.0207,,,0.3717,-0.6655,124.0253,422.7377,0.0081,0.0203,,0.5039,-0.0340,124.1576,423.3692,0.0041,0.0001,,-0.5189,-0.5189,123.1348,422.8844,0.0042,0.0012,,-0.4539,1.1483,123.1998,424.5515,0.0037,0.0027
6/5/2020,108,124.15,419.60,,,122.54,423.36,0.0130,0.0090,,123.15,419.79,0.0080,0.0005,,123.28,417.96,0.0070,0.0039,,123.19,416.05,0.0077,0.0085,,,0.2225,-1.6212,123.5020,416.3381,0.0052,0.0078,,0.1526,-2.1980,123.4321,415.7613,0.0012,0.0053,,0.0170,0.0170,123.2964,417.9763,0.0001,0.0000,,0.2086,4.5848,123.4881,422.5441,0.0017,0.0110
6/8/2020,109,126.20,419.49,,,122.86,422.61,0.0265,0.0074,,123.55,419.71,0.0210,0.0005,,123.80,418.94,0.0190,0.0013,,123.96,418.89,0.0178,0.0014,,,0.2825,-1.1000,124.0842,417.8437,0.0168,0.0039,,0.3005,-0.9250,124.1023,418.0187,0.0024,0.0022,,-0.3066,-0.3066,123.4952,418.6371,0.0025,0.0007,,-0.3761,0.1294,123.4257,419.0731,0.0030,0.0003
6/9/2020,110,130.04,434.05,,,123.53,421.99,0.0501,0.0278,,124.61,419.62,0.0418,0.0332,,125.24,419.27,0.0369,0.0340,,125.75,419.37,0.0330,0.0338,,,0.5141,-0.8145,125.7566,418.4570,0.0330,0.0359,,0.7566,-0.4239,125.9991,418.8476,0.0060,0.0010,,-0.9871,-0.9871,124.2554,418.2844,0.0079,0.0024,,-1.2278,-0.2363,124.0147,419.0352,0.0098,0.0006
6/10/2020,111,132.37,434.48,,,124.83,424.40,0.0570,0.0232,,126.78,425.39,0.0422,0.0209,,128.12,428.14,0.0321,0.0146,,129.19,431.11,0.0241,0.0077,,,0.9873,1.1218,129.1102,429.2604,0.0246,0.0120,,1.6061,3.2925,129.7289,431.4311,0.0125,0.0077,,-2.1230,-2.1230,125.9998,426.0156,0.0166,0.0050,,-2.5498,-7.1409,125.5730,420.9976,0.0199,0.0167
6/11/2020,112,127.90,425.56,,,126.34,426.42,0.0122,0.0020,,129.02,429.03,0.0088,0.0082,,130.67,431.94,0.0217,0.0150,,131.74,433.81,0.0300,0.0194,,,1.2998,1.6584,131.9725,433.6019,0.0319,0.0189,,1.9836,3.4974,132.6562,435.4409,0.0152,0.0081,,-2.3791,-2.3791,128.2935,429.5643,0.0182,0.0055,,-2.5498,-4.4721,128.1228,427.4714,0.0195,0.0104
6/12/2020,113,127.25,418.07,,,126.65,426.24,0.0047,0.0196,,128.57,427.64,0.0104,0.0229,,129.01,428.11,0.0138,0.0240,,128.67,427.21,0.0111,0.0219,,,0.7069,0.5607,129.7148,428.6741,0.0194,0.0254,,0.5242,0.5664,129.5321,428.6798,0.0041,0.0013,,0.0472,0.0472,129.0551,428.1606,0.0004,0.0001,,0.8219,2.1696,129.8297,430.2830,0.0064,0.0051
6/15/2020,114,128.63,425.50,,,126.77,424.61,0.0145,0.0021,,128.04,423.81,0.0046,0.0040,,127.95,422.09,0.0053,0.0080,,127.53,419.90,0.0086,0.0132,,,0.3547,-0.7566,128.3085,421.3307,0.0025,0.0098,,-0.1071,-2.0705,127.8466,420.0168,0.0008,0.0049,,0.6514,0.6514,128.6051,422.7387,0.0051,0.0015,,1.0077,5.2547,128.9614,427.3421,0.0079,0.0124
6/16/2020,115,130.76,436.13,,,127.14,424.79,0.0277,0.0260,,128.28,424.49,0.0190,0.0267,,128.36,424.13,0.0184,0.0275,,128.41,424.38,0.0180,0.0269,,,0.3654,-0.1958,128.7273,423.9392,0.0156,0.0280,,0.0990,-0.4233,128.4609,423.7117,0.0008,0.0010,,0.0156,0.0156,128.3775,424.1506,0.0001,0.0000,,-0.1250,-0.5871,128.2369,423.5478,0.0010,0.0014
6/17/2020,116,132.05,447.77,,,127.87,427.06,0.0317,0.0463,,129.27,429.14,0.0210,0.0416,,129.80,431.33,0.0170,0.0367,,130.29,433.78,0.0133,0.0312,,,0.5805,1.2828,130.3834,432.6148,0.0126,0.0338,,0.6358,2.6248,130.4386,433.9568,0.0049,0.0061,,-0.8583,-0.8583,128.9445,430.4737,0.0066,0.0020,,-1.1778,-5.8751,128.6251,425.4569,0.0091,0.0136
6/18/2020,117,132.70,449.87,,,128.70,431.20,0.0301,0.0415,,130.38,436.59,0.0174,0.0295,,131.15,441.19,0.0117,0.0193,,131.70,444.97,0.0075,0.0109,,,0.7339,2.9988,131.8845,444.1936,0.0061,0.0126,,0.9205,5.5200,132.0711,446.7148,0.0070,0.0125,,-1.1519,-1.1519,129.9986,440.0428,0.0088,0.0026,,-1.3137,-9.0653,129.8368,432.1295,0.0100,0.0205
6/19/2020,118,133.75,453.72,,,129.50,434.93,0.0318,0.0414,,131.31,441.90,0.0182,0.0260,,132.08,446.40,0.0125,0.0161,,132.50,448.89,0.0094,0.0106,,,0.7730,3.4401,132.8526,449.8400,0.0067,0.0086,,0.9240,5.3941,133.0036,451.7940,0.0070,0.0121,,-1.0182,-1.0182,131.0614,445.3817,0.0077,0.0023,,-1.0060,-5.9772,131.0736,440.4228,0.0076,0.0134
6/22/2020,119,135.69,468.04,,,130.35,438.69,0.0393,0.0627,,132.29,446.63,0.0251,0.0457,,133.08,450.79,0.0192,0.0369,,133.50,452.75,0.0161,0.0327,,,0.8189,3.6305,133.9010,454.4224,0.0132,0.0291,,0.9554,4.9933,134.0375,455.7852,0.0072,0.0111,,-1.0088,-1.0088,132.0733,449.7832,0.0076,0.0022,,-1.0032,-4.7091,132.0789,446.0829,0.0075,0.0104
6/23/2020,120,138.22,466.26,,,131.42,444.56,0.0492,0.0465,,133.65,455.19,0.0331,0.0237,,134.65,461.14,0.0259,0.0110,,135.25,464.98,0.0215,0.0027,,,0.9682,4.9741,135.6156,466.1149,0.0188,0.0003,,1.1994,7.1355,135.8468,468.2763,0.0089,0.0155,,-1.3427,-1.3427,133.3048,459.7981,0.0100,0.0029,,-1.4529,-9.2209,133.1946,451.9199,0.0108,0.0200
6/24/2020,121,136.72,457.85,,,132.78,448.90,0.0288,0.0195,,135.48,459.62,0.0091,0.0039,,136.79,464.21,0.0005,0.0139,,137.63,466.00,0.0066,0.0178,,,1.2033,4.5936,137.9946,468.8059,0.0093,0.0239,,1.5771,5.5099,138.3684,469.7222,0.0115,0.0119,,-1.8234,-1.8234,134.9679,462.3889,0.0133,0.0039,,-2.0056,-4.3014,134.7856,459.9109,0.0147,0.0093
6/25/2020,122,137.73,465.91,,,133.57,450.69,0.0302,0.0327,,135.97,458.91,0.0127,0.0150,,136.75,460.39,0.0071,0.0118,,136.90,459.48,0.0060,0.0138,,,0.9541,2.9114,137.7026,463.3063,0.0002,0.0056,,0.9292,1.7790,137.6777,462.1739,0.0068,0.0039,,-0.7037,-0.7037,136.0448,459.6912,0.0051,0.0015,,-0.3669,2.1936,136.3816,462.5886,0.0027,0.0048
6/26/2020,123,134.64,443.40,,,134.40,453.73,0.0018,0.0233,,136.68,461.71,0.0151,0.0413,,137.34,463.70,0.0200,0.0458,,137.56,464.62,0.0217,0.0479,,,0.8809,2.9909,138.2177,466.6949,0.0265,0.0525,,0.7928,2.3910,138.1296,466.0950,0.0058,0.0052,,-0.6345,-0.6345,136.7024,463.0695,0.0046,0.0014,,-0.5440,-2.2085,136.7928,461.4955,0.0040,0.0048
6/29/2020,124,134.02,447.24,,,134.45,451.67,0.0032,0.0099,,135.86,454.39,0.0138,0.0160,,135.72,451.52,0.0127,0.0096,,135.23,447.64,0.0090,0.0009,,,0.3815,-0.0437,136.1024,451.4779,0.0155,0.0095,,-0.1707,-3.4383,135.5501,448.0832,0.0013,0.0076,,0.7158,0.7158,136.4366,452.2374,0.0053,0.0016,,1.1840,9.3042,136.9048,460.8258,0.0087,0.0206
6/30/2020,125,137.94,455.04,,,134.36,450.78,0.0259,0.0094,,135.13,451.53,0.0204,0.0077,,134.70,448.95,0.0235,0.0134,,134.26,447.32,0.0267,0.0170,,,0.1010,-0.5488,134.8007,448.4039,0.0228,0.0146,,-0.5109,-3.0906,134.1889,445.8620,0.0038,0.0069,,0.8990,0.8990,135.5987,449.8516,0.0067,0.0020,,1.0537,3.9160,135.7534,452.8686,0.0078,0.0087
7/1/2020,126,143.93,485.64,,,135.08,451.63,0.0615,0.0700,,136.25,452.93,0.0534,0.0673,,136.64,452.61,0.0507,0.0680,,137.20,453.50,0.0468,0.0662,,,0.4698,0.2915,137.1143,452.8965,0.0474,0.0674,,0.4714,-0.3934,137.1159,452.2117,0.0034,0.0009,,-0.8073,-0.8073,135.8372,451.7978,0.0059,0.0018,,-1.3451,-2.1387,135.2994,450.4663,0.0098,0.0047
7/2/2020,127,144.51,476.89,,,136.85,458.43,0.0530,0.0387,,139.32,466.02,0.0359,0.0228,,141.02,472.43,0.0242,0.0094,,142.59,479.21,0.0133,0.0049,,,1.2507,4.1974,142.2695,476.6234,0.0155,0.0006,,2.0326,7.6924,143.0513,480.1184,0.0144,0.0163,,-2.9475,-2.9475,138.0713,469.4785,0.0209,0.0062,,-3.7685,-16.2845,137.2503,456.1415,0.0267,0.0345
7/6/2020,128,152.85,493.81,,,138.38,462.13,0.0947,0.0642,,141.40,470.37,0.0749,0.0475,,143.12,475.10,0.0637,0.0379,,144.13,477.35,0.0571,0.0333,,,1.4201,3.8936,144.5366,478.9980,0.0544,0.0300,,2.0586,5.6868,145.1751,480.7912,0.0144,0.0120,,-2.4376,-2.4376,140.6789,472.6668,0.0170,0.0051,,-2.4319,-5.3996,140.6846,469.7048,0.0170,0.0114
7/7/2020,129,150.01,493.16,,,141.28,468.46,0.0582,0.0501,,145.98,479.74,0.0268,0.0272,,148.96,486.33,0.0070,0.0139,,151.11,490.52,0.0073,0.0054,,,2.3043,5.3595,151.2621,491.6873,0.0084,0.0030,,3.5717,7.9014,152.5295,494.2292,0.0240,0.0162,,-4.4798,-4.4798,144.4780,481.8479,0.0301,0.0092,,-5.1594,-10.0586,143.7984,476.2692,0.0346,0.0207
7/8/2020,130,154.06,502.78,,,143.02,473.40,0.0716,0.0584,,147.59,485.11,0.0420,0.0351,,149.59,490.43,0.0290,0.0246,,150.23,492.63,0.0249,0.0202,,,1.9692,5.1075,151.5560,495.5346,0.0162,0.0144,,2.3946,6.3806,151.9813,496.8077,0.0160,0.0130,,-2.1693,-2.1693,147.4174,488.2578,0.0145,0.0044,,-1.5350,-5.2912,148.0517,485.1359,0.0103,0.0108
7/9/2020,131,159.13,507.76,,,145.23,479.28,0.0874,0.0561,,150.18,492.18,0.0563,0.0307,,152.27,497.84,0.0431,0.0195,,153.29,500.75,0.0367,0.0138,,,2.1116,5.5683,154.3796,503.4072,0.0299,0.0086,,2.5093,6.7930,154.7772,504.6319,0.0165,0.0136,,-2.4765,-2.4765,149.7915,495.3624,0.0163,0.0050,,-2.4520,-6.9876,149.8160,490.8512,0.0161,0.0140
7/10/2020,132,160.00,548.73,,,148.01,484.97,0.0749,0.1162,,153.76,498.41,0.0390,0.0917,,156.39,503.79,0.0226,0.0819,,157.96,506.36,0.0127,0.0772,,,2.5129,5.6452,158.8990,509.4368,0.0069,0.0716,,3.1528,6.4569,159.5389,510.2484,0.0202,0.0128,,-3.4615,-3.4615,152.9246,500.3301,0.0221,0.0069,,-3.7849,-6.1597,152.6012,497.6319,0.0242,0.0122
7/13/2020,133,155.20,525.50,,,150.41,497.73,0.0309,0.0529,,156.26,518.54,0.0068,0.0132,,158.55,530.75,0.0216,0.0100,,159.59,540.26,0.0283,0.0281,,,2.4440,9.9088,160.9985,540.6634,0.0374,0.0289,,2.7590,14.6594,161.3135,545.4140,0.0174,0.0276,,-2.6856,-2.6856,155.8689,528.0690,0.0169,0.0051,,-2.4917,-22.8024,156.0628,507.9522,0.0157,0.0430
7/14/2020,134,154.20,524.88,,,151.37,503.28,0.0184,0.0412,,155.83,521.32,0.0106,0.0068,,156.54,527.60,0.0152,0.0052,,156.08,528.45,0.0122,0.0068,,,1.5527,7.2965,158.0945,534.8983,0.0253,0.0191,,0.8503,7.5345,157.3921,535.1364,0.0054,0.0143,,0.1334,0.1334,156.6751,527.7352,0.0009,0.0003,,1.1118,-2.0383,157.6536,525.5636,0.0071,0.0039
7/15/2020,135,150.44,523.26,,,151.93,507.60,0.0099,0.0299,,155.18,522.75,0.0315,0.0010,,155.14,525.97,0.0312,0.0052,,154.58,525.59,0.0275,0.0045,,,0.9611,5.5106,156.0978,531.4793,0.0376,0.0157,,-0.0518,3.8675,155.0849,529.8362,0.0003,0.0074,,0.8964,0.8964,156.0331,526.8651,0.0058,0.0017,,1.3464,0.8988,156.4831,526.8676,0.0087,0.0017
7/16/2020,136,149.99,527.39,,,151.64,510.73,0.0109,0.0316,,153.29,522.95,0.0219,0.0084,,152.32,524.34,0.0155,0.0058,,151.27,523.73,0.0085,0.0069,,,0.2057,4.0834,152.5265,528.4269,0.0169,0.0020,,-1.1575,1.6704,151.1633,526.0139,0.0076,0.0032,,2.0481,2.0481,154.3689,526.3916,0.0134,0.0039,,2.5220,1.4800,154.8428,525.8235,0.0166,0.0028
7/17/2020,137,148.10,492.99,,,151.31,514.06,0.0217,0.0427,,151.97,524.73,0.0261,0.0644,,150.93,526.17,0.0191,0.0673,,150.25,526.66,0.0145,0.0683,,,-0.1145,3.6323,150.8108,529.8037,0.0183,0.0747,,-1.2527,1.7334,149.6726,527.9048,0.0083,0.0033,,1.6565,1.6565,152.5818,527.8279,0.0110,0.0031,,1.6208,-1.1663,152.5461,525.0051,0.0107,0.0022
7/20/2020,138,159.84,502.41,,,150.67,509.85,0.0574,0.0148,,150.42,512.03,0.0589,0.0192,,149.23,506.26,0.0664,0.0077,,148.53,499.72,0.0708,0.0053,,,-0.4308,-1.0759,148.7984,505.1866,0.0691,0.0055,,-1.4300,-6.9235,147.7992,499.3391,0.0096,0.0137,,1.6803,1.6803,150.9095,507.9428,0.0113,0.0033,,1.6810,15.6938,150.9102,521.9564,0.0113,0.0310
7/21/2020,139,156.91,490.10,,,152.50,508.36,0.0281,0.0373,,154.19,508.18,0.0174,0.0369,,155.60,503.95,0.0084,0.0283,,157.58,501.87,0.0042,0.0240,,,0.9289,-1.3231,156.5258,502.6280,0.0025,0.0256,,1.6890,-5.0787,157.2859,498.8723,0.0109,0.0101,,-3.1485,-3.1485,152.4484,500.8025,0.0202,0.0062,,-4.7579,4.9880,150.8390,508.9390,0.0306,0.0099
7/22/2020,140,155.00,489.82,,,153.38,504.71,0.0104,0.0304,,155.28,500.95,0.0018,0.0227,,156.39,495.64,0.0090,0.0119,,157.05,492.45,0.0132,0.0054,,,0.9012,-2.7206,157.2887,492.9199,0.0148,0.0063,,1.3297,-6.3715,157.7171,489.2689,0.0085,0.0129,,-1.7337,-1.7337,154.6537,493.9067,0.0111,0.0035,,-1.5840,7.6461,154.8034,503.2865,0.0101,0.0154
7/23/2020,141,149.33,477.58,,,153.71,501.73,0.0293,0.0506,,155.17,496.50,0.0391,0.0396,,155.55,492.15,0.0417,0.0305,,155.41,490.35,0.0407,0.0267,,,0.5539,-2.8749,156.1062,489.2733,0.0454,0.0245,,0.4637,-5.2198,156.0160,486.9284,0.0030,0.0106,,-0.1924,-0.1924,155.3599,491.9558,0.0012,0.0004,,0.3513,4.3230,155.9036,496.4712,0.0023,0.0088
7/24/2020,142,150.45,480.45,,,152.83,496.90,0.0159,0.0342,,152.83,488.93,0.0159,0.0177,,151.82,483.41,0.0091,0.0062,,150.54,480.13,0.0006,0.0007,,,-0.3038,-4.0481,151.5136,479.3592,0.0071,0.0023,,-1.2157,-6.6282,150.6017,476.7790,0.0080,0.0137,,2.1640,2.1640,153.9814,485.5712,0.0143,0.0045,,3.0582,7.8573,154.8756,491.2646,0.0201,0.0163
7/27/2020,143,152.76,495.65,,,152.35,493.61,0.0027,0.0041,,151.88,485.54,0.0058,0.0204,,150.99,481.63,0.0116,0.0283,,150.47,480.39,0.0150,0.0308,,,-0.4077,-3.5934,150.5866,478.0396,0.0142,0.0355,,-1.0587,-4.6867,149.9356,476.9462,0.0070,0.0097,,1.3595,1.3595,152.3537,482.9924,0.0090,0.0028,,1.2702,2.9909,152.2644,484.6239,0.0084,0.0062
7/28/2020,144,150.02,488.51,,,152.43,494.02,0.0161,0.0113,,152.23,489.58,0.0148,0.0022,,152.05,490.04,0.0136,0.0031,,152.30,492.60,0.0152,0.0084,,,-0.1142,-1.1926,151.9398,488.8505,0.0128,0.0007,,-0.2113,0.5521,151.8427,490.5953,0.0014,0.0011,,-0.0921,-0.0921,151.9619,489.9511,0.0006,0.0002,,-0.5938,-6.1300,151.4602,483.9132,0.0039,0.0125
7/29/2020,145,151.68,484.48,,,151.95,492.92,0.0018,0.0174,,151.34,489.15,0.0022,0.0096,,150.83,489.12,0.0056,0.0096,,150.47,489.33,0.0079,0.0100,,,-0.3359,-1.1381,150.4956,487.9852,0.0078,0.0072,,-0.6158,-0.0367,150.2157,489.0866,0.0041,0.0001,,0.6967,0.6967,151.5282,489.8200,0.0046,0.0014,,0.8593,-0.4901,151.6908,488.6332,0.0057,0.0010
7/30/2020,146,152.59,485.80,,,151.90,491.23,0.0046,0.0112,,151.48,487.28,0.0073,0.0031,,151.34,486.34,0.0082,0.0011,,151.44,485.45,0.0076,0.0007,,,-0.1673,-1.4677,151.1712,484.8697,0.0093,0.0019,,-0.1667,-1.1364,151.1718,485.2009,0.0011,0.0023,,-0.0255,-0.0255,151.3130,486.3118,0.0002,0.0001,,-0.2337,2.1307,151.1047,488.4681,0.0015,0.0044
7/31/2020,147,158.23,488.88,,,152.04,490.14,0.0392,0.0026,,151.92,486.69,0.0399,0.0045,,152.09,486.01,0.0388,0.0059,,152.36,485.73,0.0371,0.0064,,,0.0168,-1.2386,152.1086,484.7763,0.0387,0.0084,,0.2013,-0.8108,152.2931,485.2041,0.0013,0.0017,,-0.4622,-0.4622,151.6296,485.5527,0.0030,0.0010,,-0.6494,0.6841,151.4424,486.6990,0.0043,0.0014
8/3/2020,148,155.59,498.62,,,153.28,489.89,0.0149,0.0175,,154.45,487.57,0.0074,0.0222,,155.78,487.73,0.0012,0.0218,,157.06,488.25,0.0094,0.0208,,,0.7505,-0.6471,156.5276,487.0869,0.0060,0.0231,,1.5949,0.2011,157.3720,487.9351,0.0102,0.0004,,-2.3961,-2.3961,153.3810,485.3379,0.0154,0.0049,,-3.0781,-1.2384,152.6990,486.4955,0.0198,0.0025
8/4/2020,149,156.94,509.64,,,153.74,491.64,0.0204,0.0353,,154.91,491.99,0.0130,0.0346,,155.67,494.27,0.0081,0.0302,,155.89,496.55,0.0067,0.0257,,,0.5785,0.7887,156.2460,495.0542,0.0044,0.0286,,0.9131,2.7333,156.5807,496.9989,0.0059,0.0055,,-0.8927,-0.8927,154.7749,493.3729,0.0057,0.0018,,-0.5280,-5.4730,155.1396,488.7926,0.0034,0.0111
8/5/2020,150,160.25,502.11,,,154.38,495.24,0.0366,0.0137,,155.72,499.05,0.0283,0.0061,,156.43,503.49,0.0238,0.0027,,156.73,507.02,0.0220,0.0098,,,0.6157,2.4759,157.0476,505.9661,0.0200,0.0077,,0.8536,5.3299,157.2855,508.8201,0.0055,0.0106,,-0.8157,-0.8157,155.6162,502.6745,0.0052,0.0016,,-0.7171,-8.4743,155.7148,495.0159,0.0046,0.0168
8/6/2020,151,161.25,509.08,,,155.55,496.61,0.0353,0.0245,,157.53,500.27,0.0231,0.0173,,158.72,502.66,0.0157,0.0126,,159.55,503.09,0.0106,0.0118,,,0.9509,1.8151,159.6746,504.4771,0.0098,0.0090,,1.4289,2.8667,160.1525,505.5287,0.0090,0.0057,,-1.7013,-1.7013,157.0223,500.9608,0.0107,0.0034,,-1.9768,-1.0323,156.7468,501.6297,0.0125,0.0021
8/7/2020,152,158.37,494.73,,,156.69,499.11,0.0106,0.0088,,159.02,503.80,0.0041,0.0183,,160.24,506.51,0.0118,0.0238,,160.91,507.88,0.0160,0.0266,,,1.0639,2.2222,161.3033,508.7350,0.0185,0.0283,,1.4636,3.2603,161.7031,509.7731,0.0091,0.0064,,-1.5900,-1.5900,158.6495,504.9228,0.0099,0.0031,,-1.6080,-3.2871,158.6315,503.2258,0.0100,0.0065
8/10/2020,153,157.41,483.38,,,157.03,498.23,0.0024,0.0307,,158.76,500.17,0.0086,0.0347,,159.12,499.44,0.0109,0.0332,,158.88,497.36,0.0094,0.0289,,,0.6271,0.3638,159.7467,499.8070,0.0149,0.0340,,0.4302,-0.8717,159.5498,498.5714,0.0027,0.0017,,0.0359,0.0359,159.1555,499.4791,0.0002,0.0001,,0.5743,4.9983,159.6939,504.4415,0.0036,0.0100
8/11/2020,154,154.03,466.93,,,157.10,495.26,0.0199,0.0607,,158.22,493.45,0.0272,0.0568,,158.09,489.81,0.0264,0.0490,,157.70,486.18,0.0238,0.0412,,,0.2963,-1.6365,158.3889,488.1687,0.0283,0.0455,,-0.1526,-4.3782,157.9400,485.4271,0.0010,0.0089,,0.6305,0.6305,158.7232,490.4358,0.0040,0.0013,,0.9364,8.7100,159.0291,498.5152,0.0059,0.0178
8/12/2020,155,158.11,475.47,,,156.49,489.59,0.0103,0.0297,,156.55,482.84,0.0099,0.0155,,155.66,476.08,0.0155,0.0013,,154.77,470.78,0.0212,0.0099,,,-0.2501,-4.0542,155.4071,472.0258,0.0171,0.0072,,-1.0658,-8.1170,154.5914,467.9631,0.0068,0.0170,,1.7135,1.7135,157.3707,477.7936,0.0110,0.0036,,2.1357,12.7221,157.7928,488.8022,0.0137,0.0267
8/13/2020,156,158.05,481.33,,,156.81,486.77,0.0078,0.0113,,157.17,479.89,0.0056,0.0030,,157.13,475.71,0.0058,0.0117,,157.44,474.53,0.0038,0.0141,,,0.0945,-3.3166,157.2246,472.3974,0.0052,0.0186,,-0.0503,-5.0166,157.0798,470.6974,0.0003,0.0105,,-0.1983,-0.1983,156.9317,475.5157,0.0013,0.0004,,-0.7512,2.8373,156.3789,478.5513,0.0048,0.0060
8/14/2020,157,157.40,482.68,,,157.06,485.68,0.0022,0.0062,,157.52,480.47,0.0008,0.0046,,157.68,479.08,0.0018,0.0075,,157.93,479.97,0.0034,0.0056,,,0.1861,-1.9794,157.8688,477.1042,0.0030,0.0116,,0.1908,-1.6621,157.8735,477.4215,0.0012,0.0035,,-0.4109,-0.4109,157.2717,478.6727,0.0026,0.0009,,-0.5923,-2.1282,157.0903,476.9554,0.0038,0.0044
8/17/2020,158,159.12,482.35,,,157.13,485.08,0.0125,0.0057,,157.47,481.35,0.0103,0.0021,,157.51,481.24,0.0101,0.0023,,157.51,482.14,0.0101,0.0004,,,0.1151,-1.1519,157.6288,480.0895,0.0094,0.0047,,0.0469,-0.1341,157.5606,481.1073,0.0003,0.0003,,-0.0630,-0.0630,157.4507,481.1785,0.0004,0.0001,,0.0167,-2.1519,157.5304,479.0895,0.0001,0.0045
8/18/2020,159,165.62,491.87,,,157.53,484.53,0.0489,0.0149,,158.13,481.75,0.0452,0.0206,,158.48,481.91,0.0432,0.0203,,158.80,482.31,0.0412,0.0194,,,0.2849,-0.7885,158.7627,481.1181,0.0414,0.0219,,0.4138,0.1856,158.8916,482.0921,0.0026,0.0004,,-0.6037,-0.6037,157.8741,481.3029,0.0038,0.0013,,-0.7679,-0.9625,157.7098,480.9441,0.0048,0.0020
8/19/2020,160,163.02,484.53,,,159.15,486.00,0.0238,0.0030,,161.13,485.80,0.0116,0.0026,,162.77,487.88,0.0016,0.0069,,164.26,489.96,0.0076,0.0112,,,1.0855,0.5648,163.8513,488.4494,0.0051,0.0081,,1.9635,2.5026,164.7293,490.3872,0.0121,0.0051,,-2.8143,-2.8143,159.9515,485.0703,0.0173,0.0058,,-3.5840,-4.9749,159.1818,482.9097,0.0220,0.0102
8/20/2020,161,164.87,497.90,,,159.92,485.71,0.0300,0.0245,,161.89,485.29,0.0181,0.0253,,162.92,485.87,0.0118,0.0242,,163.27,485.62,0.0097,0.0247,,,0.8994,0.0493,163.8201,485.9211,0.0064,0.0241,,1.2401,0.6964,164.1608,486.5683,0.0076,0.0014,,-1.2187,-1.2187,161.7021,484.6532,0.0075,0.0025,,-0.8407,0.6152,162.0800,486.4871,0.0052,0.0013
8/21/2020,162,164.24,492.31,,,160.91,488.15,0.0202,0.0085,,163.08,490.33,0.0070,0.0040,,164.09,493.09,0.0009,0.0016,,164.55,495.44,0.0019,0.0064,,,0.9533,1.4828,165.0427,494.5715,0.0049,0.0046,,1.2115,3.3046,165.3009,496.3933,0.0074,0.0067,,-1.1887,-1.1887,162.9007,491.9001,0.0072,0.0024,,-1.1031,-5.6505,162.9863,487.4383,0.0067,0.0115
8/24/2020,163,165.37,488.81,,,161.58,488.98,0.0230,0.0003,,163.54,491.12,0.0111,0.0047,,164.18,492.62,0.0072,0.0078,,164.30,492.94,0.0065,0.0084,,,0.7802,1.0928,164.9576,493.7143,0.0025,0.0100,,0.7621,1.7959,164.9394,494.4174,0.0046,0.0036,,-0.5282,-0.5282,163.6491,492.0932,0.0032,0.0011,,-0.2910,-0.7563,163.8864,491.8652,0.0018,0.0015
8/25/2020,164,167.32,490.58,,,162.34,488.95,0.0298,0.0033,,164.27,490.20,0.0182,0.0008,,164.89,490.33,0.0145,0.0005,,165.16,489.64,0.0129,0.0019,,,0.7676,0.4169,165.6624,490.7515,0.0099,0.0003,,0.7442,0.1628,165.6389,490.4974,0.0045,0.0003,,-0.6417,-0.6417,164.2530,489.6929,0.0039,0.0013,,-0.6321,1.6783,164.2626,492.0129,0.0038,0.0034
8/26/2020,165,172.09,547.53,,,163.33,489.27,0.0509,0.1064,,165.49,490.35,0.0383,0.1044,,166.35,490.48,0.0334,0.1042,,166.89,490.39,0.0302,0.1044,,,0.9057,0.3629,167.2583,490.8448,0.0281,0.1035,,1.0297,0.1566,167.3823,490.6384,0.0062,0.0003,,-1.1314,-1.1314,165.2212,489.3504,0.0068,0.0023,,-1.2927,0.2179,165.0599,490.6997,0.0078,0.0004
8/27/2020,166,170.00,526.27,,,165.09,500.92,0.0289,0.0482,,168.13,513.22,0.0110,0.0248,,169.80,524.71,0.0012,0.0030,,171.05,536.10,0.0062,0.0187,,,1.4133,7.1361,171.2099,531.8469,0.0071,0.0106,,1.9954,13.7855,171.7919,538.4962,0.0118,0.0263,,-2.5189,-2.5189,167.2776,522.1918,0.0148,0.0048,,-3.0137,-27.3396,166.7828,497.3712,0.0177,0.0521
8/28/2020,167,170.09,523.89,,,166.07,505.99,0.0236,0.0342,,168.88,518.44,0.0071,0.0104,,169.92,525.65,0.0010,0.0034,,170.21,528.24,0.0007,0.0083,,,1.1551,5.8960,171.0737,531.5423,0.0058,0.0146,,1.2461,8.6455,171.1647,534.2918,0.0073,0.0164,,-1.0808,-1.0808,168.8378,524.5655,0.0064,0.0021,,-0.7004,-6.2164,169.2182,519.4299,0.0041,0.0118
8/31/2020,168,172.55,529.56,,,166.87,509.57,0.0329,0.0377,,169.36,520.62,0.0185,0.0169,,170.02,524.59,0.0146,0.0094,,170.11,524.76,0.0141,0.0091,,,0.9446,4.5061,170.9661,529.0986,0.0092,0.0009,,0.7888,4.7658,170.8102,529.3583,0.0046,0.0091,,-0.4940,-0.4940,169.5274,524.0985,0.0029,0.0009,,-0.2223,-0.4002,169.7991,524.1923,0.0013,0.0008
9/1/2020,169,174.96,556.55,,,168.01,513.57,0.0397,0.0772,,170.64,524.20,0.0247,0.0581,,171.54,527.57,0.0195,0.0521,,172.06,528.60,0.0165,0.0502,,,1.0589,4.2009,172.5963,531.7740,0.0135,0.0445,,1.0796,4.0517,172.6170,531.6247,0.0063,0.0077,,-1.1072,-1.1072,170.4302,526.4658,0.0065,0.0021,,-1.2572,-2.4644,170.2802,525.1086,0.0073,0.0047
9/2/2020,170,176.57,552.84,,,169.40,522.17,0.0406,0.0555,,172.37,537.14,0.0238,0.0284,,173.59,544.96,0.0169,0.0143,,174.38,550.96,0.0124,0.0034,,,1.2573,6.8380,174.8459,551.7972,0.0098,0.0019,,1.4682,9.3855,175.0568,554.3447,0.0085,0.0172,,-1.6736,-1.6736,171.9150,543.2856,0.0096,0.0031,,-1.8924,-14.4018,171.6962,530.5574,0.0109,0.0264
9/3/2020,171,168.40,525.75,,,170.83,528.30,0.0144,0.0049,,174.05,543.42,0.0335,0.0336,,175.38,549.69,0.0414,0.0455,,176.13,552.46,0.0459,0.0508,,,1.3640,6.4161,176.7429,556.1038,0.0495,0.0577,,1.5971,7.5227,176.9760,557.2104,0.0091,0.0137,,-1.7436,-1.7436,173.6353,547.9440,0.0099,0.0032,,-1.8108,-6.6632,173.5681,543.0245,0.0103,0.0121
9/4/2020,172,164.73,516.05,,,170.35,527.79,0.0341,0.0228,,171.79,536.35,0.0428,0.0393,,171.19,535.33,0.0392,0.0374,,169.95,531.09,0.0317,0.0291,,,0.2537,2.2603,171.4453,537.5854,0.0408,0.0417,,-0.7167,-1.2314,170.4749,534.0936,0.0042,0.0023,,1.8150,1.8150,173.0065,537.1400,0.0106,0.0034,,2.9877,10.1575,174.1793,545.4825,0.0175,0.0190
9/8/2020,173,157.49,507.02,,,169.22,525.44,0.0745,0.0363,,168.97,528.23,0.0729,0.0418,,167.32,523.76,0.0624,0.0330,,165.77,519.06,0.0526,0.0237,,,-0.5723,-0.5047,166.7429,523.2553,0.0587,0.0320,,-1.9805,-5.3649,165.3347,518.3951,0.0118,0.0102,,3.0518,3.0518,170.3670,526.8118,0.0182,0.0058,,3.6986,11.2835,171.0138,535.0436,0.0221,0.0215
9/9/2020,174,163.43,500.19,,,166.88,521.76,0.0211,0.0431,,164.38,519.75,0.0058,0.0391,,161.42,513.72,0.0123,0.0270,,159.15,509.43,0.0262,0.0185,,,-1.6366,-2.4126,159.7847,511.3034,0.0223,0.0222,,-3.5459,-7.2365,157.8754,506.4795,0.0220,0.0141,,4.7571,4.7571,166.1784,518.4731,0.0295,0.0093,,5.4549,10.2919,166.8762,524.0079,0.0338,0.0200
9/10/2020,175,158.76,480.67,,,166.19,517.44,0.0468,0.0765,,164.00,511.92,0.0330,0.0650,,162.63,505.60,0.0244,0.0519,,162.57,502.04,0.0241,0.0445,,,-1.0682,-3.5532,161.5586,502.0472,0.0177,0.0445,,-1.6453,-7.5882,160.9815,498.0122,0.0101,0.0150,,1.1795,1.1795,163.8063,506.7799,0.0073,0.0023,,0.1266,8.5509,162.7534,514.1513,0.0008,0.0169
9/11/2020,176,155.81,482.03,,,164.70,510.09,0.0571,0.0582,,161.90,499.42,0.0391,0.0361,,160.30,490.64,0.0288,0.0179,,159.52,484.94,0.0238,0.0060,,,-1.3191,-5.8342,158.9849,484.8080,0.0204,0.0058,,-1.9163,-10.5362,158.3877,480.1060,0.0120,0.0215,,1.8655,1.8655,162.1695,492.5077,0.0116,0.0038,,1.8835,13.6768,162.1876,504.3189,0.0117,0.0279
9/14/2020,177,155.15,476.26,,,162.92,504.48,0.0501,0.0592,,159.46,492.47,0.0278,0.0340,,157.61,485.47,0.0159,0.0193,,156.55,482.61,0.0091,0.0133,,,-1.5945,-5.7008,156.0138,479.7740,0.0056,0.0074,,-2.2281,-8.3886,155.3801,477.0862,0.0141,0.0173,,2.3637,2.3637,159.9719,487.8385,0.0150,0.0049,,2.5334,6.8692,160.1416,492.3441,0.0161,0.0141
9/15/2020,178,157.81,495.99,,,161.37,498.83,0.0226,0.0057,,157.74,485.98,0.0004,0.0202,,156.13,479.95,0.0106,0.0323,,155.43,477.53,0.0151,0.0372,,,-1.5707,-5.6664,154.5616,474.2795,0.0206,0.0438,,-1.9272,-7.2447,154.2052,472.7012,0.0123,0.0151,,1.8310,1.8310,157.9634,481.7769,0.0117,0.0038,,1.6873,5.7970,157.8197,485.7429,0.0108,0.0121
9/16/2020,179,153.90,483.86,,,160.66,498.27,0.0439,0.0298,,157.77,489.99,0.0251,0.0127,,157.14,489.57,0.0210,0.0118,,157.33,492.30,0.0223,0.0174,,,-1.0557,-2.6079,156.0812,486.9645,0.0141,0.0064,,-0.7545,-0.4963,156.3823,489.0761,0.0048,0.0010,,0.1297,0.1297,157.2666,489.7021,0.0008,0.0003,,-0.4661,-6.5417,156.6707,483.0306,0.0030,0.0134
9/17/2020,180,150.44,470.20,,,159.31,495.38,0.0590,0.0536,,156.22,487.54,0.0385,0.0369,,155.20,486.14,0.0316,0.0339,,154.59,485.55,0.0276,0.0326,,,-1.2324,-2.7718,153.9654,483.3732,0.0235,0.0280,,-1.2284,-1.6687,153.9694,484.4762,0.0079,0.0034,,1.2154,1.2154,156.4131,487.3603,0.0078,0.0025,,1.4581,1.4336,156.6558,487.5785,0.0094,0.0029
9/18/2020,181,147.75,469.96,,,157.53,490.35,0.0662,0.0434,,153.91,480.60,0.0417,0.0226,,152.34,476.58,0.0311,0.0141,,151.27,473.27,0.0238,0.0070,,,-1.5573,-4.1308,150.7837,472.4472,0.0206,0.0053,,-1.8797,-4.8280,150.4613,471.7500,0.0123,0.0101,,2.2002,2.2002,154.5412,478.7782,0.0144,0.0046,,2.5770,7.9403,154.9180,484.5183,0.0169,0.0167
9/21/2020,182,148.02,487.35,,,155.57,486.27,0.0510,0.0022,,151.44,476.34,0.0231,0.0226,,149.58,472.61,0.0105,0.0303,,148.45,470.62,0.0029,0.0343,,,-1.7973,-4.0988,147.7864,468.5084,0.0016,0.0387,,-2.2307,-4.4851,147.3529,468.1221,0.0149,0.0095,,2.5345,2.5345,152.1181,475.1416,0.0169,0.0054,,2.7212,4.7647,152.3049,477.3719,0.0182,0.0101
9/22/2020,183,156.45,491.17,,,154.06,486.49,0.0152,0.0095,,150.07,480.75,0.0407,0.0212,,148.65,481.45,0.0499,0.0198,,148.11,484.00,0.0533,0.0146,,,-1.6250,-1.5099,147.0225,479.9430,0.0603,0.0229,,-1.7129,0.8472,146.9347,482.3001,0.0115,0.0018,,1.5755,1.5755,150.2230,483.0283,0.0106,0.0033,,1.2931,-6.1236,149.9407,475.3293,0.0087,0.0127
9/23/2020,184,149.99,470.61,,,154.54,487.42,0.0303,0.0357,,152.62,484.92,0.0175,0.0304,,153.33,487.28,0.0222,0.0354,,154.78,489.74,0.0319,0.0406,,,-0.3638,-0.0419,152.9649,487.2413,0.0198,0.0353,,0.8447,2.8404,154.1734,490.1236,0.0055,0.0058,,-2.1785,-2.1785,151.1502,485.1047,0.0142,0.0045,,-3.4863,-5.8889,149.8424,481.3942,0.0227,0.0121
9/24/2020,185,150.99,473.08,,,153.63,484.06,0.0175,0.0232,,151.57,479.19,0.0039,0.0129,,151.33,477.28,0.0022,0.0089,,150.95,474.44,0.0003,0.0029,,,-0.6913,-2.0343,150.6360,475.2450,0.0023,0.0046,,-0.2937,-2.2973,151.0335,474.9820,0.0019,0.0048,,0.3295,0.3295,151.6567,477.6087,0.0022,0.0007,,0.9039,6.8253,152.2312,484.1046,0.0060,0.0143
9/25/2020,186,154.76,482.88,,,153.10,481.86,0.0107,0.0021,,151.34,476.75,0.0221,0.0127,,151.12,474.76,0.0235,0.0168,,150.98,473.35,0.0244,0.0197,,,-0.5936,-2.1313,150.5310,472.6284,0.0273,0.0212,,-0.2573,-2.3862,150.8673,472.3735,0.0017,0.0050,,0.2534,0.2534,151.3780,475.0131,0.0017,0.0005,,0.3429,3.3807,151.4675,478.1404,0.0023,0.0071
9/28/2020,187,158.70,490.65,,,153.43,482.07,0.0332,0.0175,,152.71,479.20,0.0378,0.0233,,153.30,479.63,0.0340,0.0225,,154.00,480.97,0.0296,0.0197,,,-0.0390,-0.7306,153.2647,478.9012,0.0343,0.0239,,0.7173,0.5172,154.0210,480.1490,0.0047,0.0011,,-1.2061,-1.2061,152.0976,478.4258,0.0079,0.0025,,-1.6747,-3.2216,151.6290,476.4103,0.0109,0.0067
9/29/2020,188,157.24,493.48,,,154.49,483.78,0.0175,0.0196,,155.10,483.78,0.0136,0.0197,,156.54,486.24,0.0045,0.0147,,157.76,488.71,0.0033,0.0097,,,0.6166,0.7377,157.1596,486.9804,0.0005,0.0132,,1.7261,2.9546,158.2691,489.1974,0.0110,0.0061,,-2.4260,-2.4260,154.1170,483.8167,0.0155,0.0050,,-2.9263,-5.9330,153.6167,480.3097,0.0187,0.0122
9/30/2020,189,157.44,500.03,,,155.04,485.72,0.0152,0.0286,,155.96,487.66,0.0094,0.0247,,156.96,490.59,0.0030,0.0189,,157.35,492.53,0.0006,0.0150,,,0.5774,1.4586,157.5410,492.0437,0.0007,0.0160,,1.2039,3.5097,158.1675,494.0948,0.0077,0.0072,,-1.2228,-1.2228,155.7408,489.3623,0.0078,0.0025,,-0.9218,-4.6605,156.0418,485.9246,0.0059,0.0095
10/1/2020,190,161.06,527.51,,,155.52,488.58,0.0344,0.0738,,156.55,492.61,0.0280,0.0662,,157.25,496.25,0.0237,0.0593,,157.42,498.53,0.0226,0.0549,,,0.5187,2.3003,157.7660,498.5523,0.0205,0.0549,,0.8358,4.3726,158.0832,500.6247,0.0053,0.0088,,-0.6593,-0.6593,156.5880,495.5927,0.0042,0.0013,,-0.4113,-5.4656,156.8360,490.7864,0.0026,0.0110
10/2/2020,191,156.25,503.06,,,156.63,496.37,0.0024,0.0133,,158.36,506.57,0.0135,0.0070,,159.54,515.01,0.0210,0.0237,,160.33,521.71,0.0261,0.0371,,,0.8728,5.5912,160.4096,520.5980,0.0266,0.0349,,1.4173,10.1255,160.9540,525.1323,0.0089,0.0197,,-1.6374,-1.6374,157.8994,513.3694,0.0103,0.0032,,-1.9138,-16.0970,157.6229,498.9099,0.0120,0.0313
10/5/2020,192,159.96,520.65,,,156.55,497.71,0.0213,0.0441,,157.51,505.17,0.0153,0.0297,,157.56,507.84,0.0150,0.0246,,157.07,506.79,0.0181,0.0266,,,0.3038,3.0393,157.8685,510.8780,0.0131,0.0188,,0.0615,3.2080,157.6262,511.0468,0.0004,0.0063,,0.5283,0.5283,158.0930,508.3670,0.0034,0.0010,,1.1949,2.5151,158.7596,510.3538,0.0076,0.0050
10/6/2020,193,155.00,505.87,,,157.23,502.30,0.0144,0.0071,,158.49,511.36,0.0225,0.0109,,159.00,515.53,0.0258,0.0191,,159.38,517.88,0.0283,0.0237,,,0.5305,3.9688,159.5324,519.4943,0.0293,0.0269,,0.6118,4.9995,159.6137,520.5250,0.0038,0.0097,,-0.6510,-0.6510,158.3509,514.8745,0.0041,0.0013,,-0.9108,-5.6464,158.0911,509.8791,0.0057,0.0110
10/7/2020,194,159.78,534.66,,,156.79,503.01,0.0188,0.0592,,157.09,509.16,0.0168,0.0477,,156.60,509.73,0.0199,0.0466,,155.87,508.27,0.0245,0.0494,,,-0.0561,2.0164,156.5435,511.7486,0.0203,0.0429,,-0.5939,0.6824,156.0057,510.4146,0.0038,0.0013,,1.1810,1.1810,157.7805,510.9132,0.0075,0.0023,,1.7397,3.5054,158.3393,513.2376,0.0111,0.0069
10/8/2020,195,159.53,531.79,,,157.39,509.34,0.0134,0.0422,,158.17,519.36,0.0085,0.0234,,158.51,524.69,0.0064,0.0134,,159.00,529.38,0.0033,0.0045,,,0.3374,4.6044,158.8479,529.2933,0.0043,0.0047,,0.4081,6.3921,158.9186,531.0810,0.0026,0.0122,,-0.6742,-0.6742,157.8363,524.0147,0.0043,0.0013,,-1.1808,-11.2643,157.3297,513.4246,0.0074,0.0215
10/9/2020,196,164.33,539.44,,,157.81,513.83,0.0397,0.0475,,158.71,524.33,0.0342,0.0280,,159.12,528.95,0.0317,0.0194,,159.42,531.31,0.0299,0.0151,,,0.3919,4.5357,159.5126,533.4852,0.0293,0.0110,,0.4889,5.5395,159.6096,534.4891,0.0031,0.0105,,-0.6358,-0.6358,158.4849,528.3137,0.0040,0.0012,,-0.7243,-5.6614,158.3964,523.2881,0.0046,0.0107
10/12/2020,197,172.15,539.81,,,159.12,518.95,0.0757,0.0386,,160.96,530.38,0.0650,0.0175,,162.25,535.24,0.0575,0.0085,,163.35,537.81,0.0511,0.0037,,,0.9389,4.8874,163.1867,540.1312,0.0520,0.0006,,1.5442,5.8414,163.7920,541.0852,0.0095,0.0109,,-2.1306,-2.1306,160.1172,533.1133,0.0131,0.0040,,-2.6465,-6.1677,159.6013,529.0761,0.0163,0.0115
10/13/2020,198,172.18,554.09,,,161.72,523.12,0.0607,0.0559,,165.44,534.15,0.0392,0.0360,,168.19,537.98,0.0232,0.0291,,170.39,539.41,0.0104,0.0265,,,1.9390,4.4579,170.1260,542.4414,0.0119,0.0210,,3.3022,4.6007,171.4892,542.5843,0.0196,0.0086,,-4.4158,-4.4158,163.7713,533.5678,0.0263,0.0082,,-5.2807,-3.4253,162.9063,534.5582,0.0314,0.0064
10/14/2020,199,168.19,541.45,,,163.82,529.32,0.0260,0.0224,,168.13,542.13,0.0003,0.0012,,170.58,547.65,0.0143,0.0114,,171.82,551.15,0.0216,0.0179,,,2.0305,5.4991,172.6143,553.1465,0.0263,0.0216,,2.9400,6.6260,173.5237,554.2734,0.0172,0.0121,,-3.2043,-3.2043,167.3794,544.4431,0.0188,0.0059,,-2.9735,-8.4162,167.6102,539.2312,0.0174,0.0154
10/15/2020,200,166.93,541.94,,,164.69,531.74,0.0134,0.0188,,168.15,541.86,0.0073,0.0002,,169.14,543.93,0.0133,0.0037,,168.91,543.39,0.0119,0.0027,,,1.3366,3.6556,170.4814,547.5845,0.0213,0.0104,,1.1884,2.4882,170.3332,546.4172,0.0070,0.0046,,-0.4184,-0.4184,168.7264,543.5106,0.0025,0.0008,,0.5564,1.2915,169.7012,545.2205,0.0033,0.0024
10/16/2020,201,163.64,530.79,,,165.14,533.78,0.0092,0.0056,,167.67,541.89,0.0246,0.0209,,167.82,542.74,0.0256,0.0225,,167.33,542.23,0.0226,0.0216,,,0.8038,2.6858,168.6213,545.4214,0.0305,0.0276,,0.1821,1.0156,167.9995,543.7512,0.0011,0.0019,,0.6291,0.6291,168.4465,543.3647,0.0037,0.0012,,1.1732,1.2130,168.9906,543.9486,0.0070,0.0022
10/19/2020,202,160.36,530.72,,,164.84,533.18,0.0279,0.0046,,166.05,537.45,0.0355,0.0127,,165.31,535.57,0.0309,0.0091,,164.37,533.08,0.0250,0.0044,,,0.1412,0.7151,165.4495,536.2834,0.0317,0.0105,,-0.8944,-2.2576,164.4139,533.3106,0.0054,0.0042,,1.7571,1.7571,167.0654,537.3253,0.0106,0.0033,,2.2420,5.9765,167.5502,541.5447,0.0136,0.0112
10/20/2020,203,160.85,525.42,,,163.94,532.69,0.0192,0.0138,,163.78,534.76,0.0182,0.0178,,162.34,532.66,0.0093,0.0138,,161.16,531.19,0.0019,0.0110,,,-0.4807,-0.0097,161.8589,532.6496,0.0063,0.0138,,-1.7241,-2.5181,160.6155,530.1411,0.0106,0.0047,,2.4840,2.4840,164.8236,535.1433,0.0153,0.0047,,2.8233,3.5225,165.1629,536.1817,0.0174,0.0066
10/21/2020,204,159.25,489.05,,,163.32,531.24,0.0256,0.0863,,162.61,531.02,0.0211,0.0858,,161.45,528.32,0.0138,0.0803,,160.91,526.57,0.0105,0.0767,,,-0.5633,-0.8765,160.8829,527.4392,0.0103,0.0785,,-1.3918,-3.2483,160.0543,525.0674,0.0086,0.0061,,1.5297,1.5297,162.9758,529.8454,0.0095,0.0029,,1.2794,4.1794,162.7256,532.4950,0.0079,0.0079
10/22/2020,205,158.82,485.23,,,162.51,522.80,0.0232,0.0774,,161.26,514.23,0.0154,0.0598,,160.13,504.76,0.0082,0.0402,,159.58,496.55,0.0048,0.0233,,,-0.7145,-5.4130,159.4121,499.3432,0.0037,0.0291,,-1.3629,-11.3728,158.7637,493.3835,0.0085,0.0225,,1.4036,1.4036,161.5302,506.1598,0.0088,0.0028,,1.3115,19.6834,161.4381,524.4397,0.0082,0.0390
10/23/2020,206,160.22,488.28,,,161.77,515.29,0.0097,0.0553,,160.29,502.63,0.0004,0.0294,,159.34,493.04,0.0055,0.0097,,158.97,487.49,0.0078,0.0016,,,-0.7284,-6.6736,158.6143,486.3669,0.0100,0.0039,,-1.1313,-11.5100,158.2113,481.5306,0.0071,0.0233,,1.0318,1.0318,160.3745,494.0723,0.0065,0.0021,,0.8895,13.3093,160.2322,506.3498,0.0056,0.0270
10/26/2020,207,160.35,488.24,,,161.46,509.88,0.0069,0.0443,,160.26,496.89,0.0006,0.0177,,159.87,490.18,0.0030,0.0040,,159.97,488.12,0.0024,0.0002,,,-0.4775,-5.9101,159.3916,484.2741,0.0060,0.0081,,-0.4682,-8.0485,159.4008,482.1357,0.0029,0.0164,,0.0969,0.0969,159.9660,490.2811,0.0006,0.0002,,-0.2432,4.9469,159.6258,495.1311,0.0015,0.0101
10/27/2020,208,164.32,488.93,,,161.24,505.56,0.0187,0.0340,,160.30,493.43,0.0245,0.0092,,160.16,489.02,0.0253,0.0002,,160.28,488.22,0.0246,0.0015,,,-0.3240,-4.9614,159.8348,484.0563,0.0273,0.0100,,-0.1650,-5.2957,159.9938,483.7220,0.0010,0.0108,,-0.1351,-0.1351,160.0237,488.8826,0.0008,0.0003,,-0.2805,1.9226,159.8784,490.9403,0.0018,0.0039
10/28/2020,209,158.14,486.24,,,161.85,502.23,0.0235,0.0329,,161.90,491.63,0.0238,0.0111,,162.65,488.97,0.0285,0.0056,,163.51,488.79,0.0340,0.0052,,,0.2397,-3.9797,162.8931,484.9854,0.0301,0.0026,,0.8988,-3.1985,163.5522,485.7666,0.0055,0.0065,,-1.5508,-1.5508,161.1026,487.4143,0.0095,0.0032,,-2.0518,0.4266,160.6017,489.3917,0.0126,0.0009
10/29/2020,210,160.55,504.21,,,161.11,499.03,0.0035,0.0103,,160.40,489.47,0.0009,0.0292,,159.94,487.33,0.0038,0.0335,,159.21,486.75,0.0083,0.0346,,,-0.3500,-3.5107,159.5948,483.8193,0.0060,0.0404,,-0.5442,-2.5731,159.4006,484.7569,0.0034,0.0053,,1.0049,1.0049,160.9496,488.3349,0.0063,0.0021,,1.7566,1.3934,161.7013,488.7234,0.0110,0.0029
10/30/2020,211,151.81,475.74,,,161.00,500.07,0.0605,0.0511,,160.46,495.37,0.0570,0.0413,,160.31,497.46,0.0560,0.0457,,160.28,500.72,0.0558,0.0525,,,-0.2073,-0.7830,160.1009,496.6750,0.0546,0.0440,,-0.1811,2.5073,160.1271,499.9653,0.0011,0.0050,,0.1839,0.1839,160.4921,497.6419,0.0011,0.0004,,0.0606,-7.8237,160.3688,489.6343,0.0004,0.0157
11/2/2020,212,150.22,484.12,,,159.16,495.20,0.0595,0.0229,,157.00,487.52,0.0451,0.0070,,155.21,484.43,0.0332,0.0006,,153.50,480.74,0.0218,0.0070,,,-1.1859,-3.2326,154.0219,481.1946,0.0253,0.0060,,-2.1488,-3.7079,153.0589,480.7193,0.0138,0.0077,,3.1338,3.1338,158.3416,487.5610,0.0202,0.0065,,4.0925,8.8599,159.3002,493.2871,0.0264,0.0183
11/3/2020,213,152.42,487.22,,,157.37,492.99,0.0325,0.0118,,154.29,486.16,0.0123,0.0022,,152.22,484.24,0.0013,0.0061,,150.88,483.44,0.0101,0.0078,,,-1.5468,-2.6229,150.6707,481.6200,0.0115,0.0115,,-2.4854,-2.2985,149.7321,481.9444,0.0163,0.0047,,3.0477,3.0477,155.2652,487.2906,0.0200,0.0063,,3.2107,1.9194,155.4282,486.1623,0.0211,0.0040
11/4/2020,214,162.06,496.95,,,156.38,491.83,0.0350,0.0103,,153.54,486.58,0.0526,0.0209,,152.34,486.03,0.0600,0.0220,,152.11,486.46,0.0614,0.0211,,,-1.2131,-1.7411,151.1262,484.2881,0.0675,0.0255,,-1.4425,-0.6646,150.8968,485.3646,0.0095,0.0014,,1.1460,1.1460,153.4853,487.1751,0.0075,0.0024,,0.5447,-1.0451,152.8840,484.9840,0.0036,0.0022
11/5/2020,215,166.10,513.76,,,157.52,492.86,0.0517,0.0407,,156.95,490.73,0.0551,0.0448,,158.17,492.58,0.0477,0.0412,,160.07,494.85,0.0363,0.0368,,,0.1958,-0.0824,158.3663,492.4993,0.0466,0.0414,,1.4670,2.2223,159.6375,494.8039,0.0093,0.0045,,-3.0403,-3.0403,155.1302,489.5413,0.0192,0.0062,,-4.5560,-5.4510,153.6145,487.1306,0.0288,0.0111
11/6/2020,216,165.57,514.73,,,159.23,497.04,0.0383,0.0344,,160.61,499.94,0.0300,0.0287,,162.93,505.29,0.0159,0.0183,,164.89,509.98,0.0041,0.0092,,,1.1082,2.4755,164.0364,507.7642,0.0093,0.0135,,2.7833,6.4162,165.7115,511.7048,0.0171,0.0127,,-4.0707,-4.0707,158.8575,501.2179,0.0250,0.0081,,-4.7174,-11.2558,158.2109,494.0329,0.0290,0.0223
11/9/2020,217,157.19,470.50,,,160.50,500.58,0.0211,0.0639,,162.59,505.86,0.0344,0.0751,,164.51,510.95,0.0466,0.0860,,165.43,513.78,0.0525,0.0920,,,1.2034,3.1134,165.7158,514.0668,0.0543,0.0926,,2.3036,6.1156,166.8160,517.0691,0.0140,0.0120,,-2.5788,-2.5788,161.9336,508.3747,0.0157,0.0050,,-2.2108,-6.7830,162.3016,504.1705,0.0134,0.0133
11/10/2020,218,151.75,480.24,,,159.84,494.56,0.0533,0.0298,,160.43,491.71,0.0572,0.0239,,160.12,486.68,0.0551,0.0134,,158.84,479.16,0.0467,0.0023,,,0.0836,-2.3637,160.2008,484.3177,0.0557,0.0085,,-0.3759,-6.0395,159.7412,480.6419,0.0023,0.0124,,1.6056,1.6056,161.7228,488.2870,0.0100,0.0033,,3.0740,18.0611,163.1912,504.7424,0.0192,0.0371
11/11/2020,219,156.87,490.76,,,158.22,491.70,0.0086,0.0019,,156.96,487.12,0.0006,0.0074,,155.10,482.82,0.0113,0.0162,,153.17,480.02,0.0236,0.0219,,,-0.9370,-2.6639,154.1604,480.1526,0.0173,0.0216,,-2.2334,-5.1696,152.8640,477.6469,0.0144,0.0107,,3.6541,3.6541,158.7515,486.4706,0.0236,0.0076,,4.6306,6.7041,159.7280,489.5206,0.0299,0.0139
11/12/2020,220,155.51,486.77,,,157.95,491.51,0.0157,0.0097,,156.92,488.58,0.0091,0.0037,,156.16,487.58,0.0042,0.0017,,156.13,488.61,0.0040,0.0038,,,-0.5370,-1.1779,155.6237,486.4047,0.0007,0.0008,,-0.9148,-1.1953,155.2459,486.3873,0.0059,0.0025,,0.8237,0.8237,156.9844,488.4063,0.0053,0.0017,,0.0755,-2.4720,156.2362,485.1106,0.0005,0.0051
11/13/2020,221,156.44,482.84,,,157.46,490.56,0.0065,0.0160,,156.36,487.86,0.0005,0.0104,,155.77,487.10,0.0043,0.0088,,155.64,487.14,0.0051,0.0089,,,-0.5072,-1.0399,155.2655,486.0552,0.0075,0.0067,,-0.7041,-0.9122,155.0686,486.1828,0.0045,0.0019,,0.5623,0.5623,156.3350,487.6573,0.0036,0.0012,,0.3255,-0.1043,156.0982,486.9907,0.0021,0.0002
11/16/2020,222,156.55,479.10,,,157.26,489.02,0.0045,0.0207,,156.39,485.85,0.0010,0.0141,,156.17,484.54,0.0024,0.0114,,156.28,483.70,0.0017,0.0096,,,-0.3256,-1.3425,155.8478,483.1995,0.0045,0.0086,,-0.2622,-1.5686,155.9112,482.9735,0.0017,0.0032,,-0.0155,-0.0155,156.1579,484.5265,0.0001,0.0000,,-0.2555,2.0216,155.9179,486.5636,0.0016,0.0042
11/17/2020,223,156.78,480.63,,,157.12,487.03,0.0021,0.0133,,156.46,483.15,0.0021,0.0052,,156.40,481.28,0.0024,0.0013,,156.50,480.02,0.0018,0.0013,,,-0.2149,-1.7270,156.1862,479.5498,0.0038,0.0022,,-0.0662,-2.2472,156.3350,479.0296,0.0004,0.0047,,-0.1429,-0.1429,156.2583,481.1339,0.0009,0.0003,,-0.2333,3.0165,156.1678,484.2933,0.0015,0.0063
11/18/2020,224,155.27,481.79,,,157.05,485.75,0.0114,0.0082,,156.59,482.14,0.0085,0.0007,,156.63,480.89,0.0087,0.0019,,156.73,480.51,0.0094,0.0027,,,-0.1261,-1.4592,156.5041,479.4295,0.0079,0.0049,,0.0519,-1.5036,156.6822,479.3852,0.0003,0.0031,,-0.1946,-0.1946,156.4356,480.6941,0.0012,0.0004,,-0.2300,0.9138,156.4003,481.8025,0.0015,0.0019
11/19/2020,225,155.85,484.67,,,156.70,484.96,0.0054,0.0006,,156.06,482.00,0.0013,0.0055,,155.82,481.43,0.0002,0.0067,,155.56,481.53,0.0018,0.0065,,,-0.2638,-1.0592,155.5521,480.3703,0.0019,0.0089,,-0.2946,-0.6858,155.5213,480.7437,0.0019,0.0014,,0.4108,0.4108,156.2267,481.8403,0.0026,0.0009,,0.6055,-0.2499,156.4214,481.1796,0.0039,0.0005
11/20/2020,226,154.97,488.24,,,156.53,484.90,0.0100,0.0068,,155.98,483.07,0.0065,0.0106,,155.84,483.37,0.0056,0.0100,,155.79,484.04,0.0053,0.0086,,,-0.2068,-0.4585,155.6302,482.9153,0.0043,0.0109,,-0.1683,0.3662,155.6686,483.7400,0.0011,0.0008,,0.1517,0.1517,155.9886,483.5255,0.0010,0.0003,,0.1043,-1.6054,155.9412,481.7684,0.0007,0.0033
11/23/2020,227,154.92,476.62,,,156.22,485.57,0.0084,0.0188,,155.57,485.14,0.0042,0.0179,,155.32,486.29,0.0026,0.0203,,155.13,487.40,0.0014,0.0226,,,-0.2695,0.2171,155.0473,486.5106,0.0008,0.0208,,-0.3091,1.3876,155.0077,487.6811,0.0020,0.0029,,0.3728,0.3728,155.6896,486.6663,0.0024,0.0008,,0.4370,-2.6569,155.7538,483.6367,0.0028,0.0055
11/24/2020,228,155.90,482.88,,,155.96,483.78,0.0003,0.0019,,155.31,481.73,0.0038,0.0024,,155.08,480.49,0.0053,0.0050,,154.96,478.78,0.0060,0.0085,,,-0.2633,-0.9871,154.8152,479.5023,0.0070,0.0070,,-0.2808,-1.4891,154.7976,479.0003,0.0018,0.0031,,0.2921,0.2921,155.3705,480.7815,0.0019,0.0006,,0.2781,4.1119,155.3565,484.6013,0.0018,0.0086
11/25/2020,229,159.25,485.00,,,155.95,483.60,0.0208,0.0029,,155.55,482.19,0.0233,0.0058,,155.57,481.92,0.0231,0.0063,,155.71,482.06,0.0222,0.0061,,,-0.1117,-0.5028,155.4615,481.4209,0.0238,0.0074,,0.0294,-0.3197,155.6026,481.6041,0.0002,0.0007,,-0.1800,-0.1800,155.3932,481.7438,0.0012,0.0004,,-0.3402,-0.3251,155.2330,481.5987,0.0022,0.0007
11/27/2020,230,159.77,491.36,,,156.61,483.88,0.0198,0.0152,,157.03,483.31,0.0171,0.0164,,157.78,483.77,0.0124,0.0154,,158.55,484.41,0.0076,0.0141,,,0.3523,-0.0331,158.1337,483.7364,0.0102,0.0155,,0.9009,0.5465,158.6823,484.3160,0.0057,0.0011,,-1.3969,-1.3969,156.3844,482.3726,0.0089,0.0029,,-1.8346,-1.5416,155.9468,482.2279,0.0116,0.0032
11/30/2020,231,158.40,490.70,,,157.24,485.38,0.0073,0.0109,,158.13,486.53,0.0017,0.0085,,158.97,488.32,0.0036,0.0048,,159.52,489.97,0.0071,0.0015,,,0.5201,0.8844,159.4929,489.2082,0.0069,0.0030,,1.0171,2.1496,159.9899,490.4734,0.0064,0.0044,,-1.2736,-1.2736,157.6991,487.0502,0.0080,0.0026,,-1.3200,-3.9518,157.6527,484.3720,0.0083,0.0081
12/1/2020,232,161.00,504.58,,,157.47,486.44,0.0219,0.0359,,158.24,488.20,0.0172,0.0325,,158.63,489.75,0.0147,0.0294,,158.63,490.55,0.0148,0.0278,,,0.3476,0.9926,158.9779,490.7422,0.0126,0.0274,,0.4733,1.8601,159.1036,491.6096,0.0030,0.0038,,-0.3040,-0.3040,158.3263,489.4456,0.0019,0.0006,,0.0100,-1.9309,158.6402,487.8186,0.0001,0.0039
12/2/2020,233,160.18,503.38,,,158.18,490.07,0.0125,0.0264,,159.34,494.75,0.0052,0.0171,,160.05,498.65,0.0008,0.0094,,160.53,501.77,0.0022,0.0032,,,0.5629,2.5738,160.6175,501.2216,0.0028,0.0043,,0.8537,4.6753,160.9082,503.3231,0.0053,0.0094,,-0.9761,-0.9761,159.0784,497.6717,0.0061,0.0020,,-1.1374,-7.5048,158.9171,491.1430,0.0071,0.0151
12/3/2020,234,159.34,497.52,,,158.58,492.73,0.0048,0.0096,,159.68,498.20,0.0021,0.0014,,160.13,501.49,0.0050,0.0080,,160.25,503.06,0.0057,0.0111,,,0.4650,2.6269,160.5927,504.1140,0.0079,0.0133,,0.5415,3.9409,160.6692,505.4281,0.0034,0.0079,,-0.4344,-0.4344,159.6933,501.0528,0.0027,0.0009,,-0.2860,-3.7724,159.8417,497.7147,0.0018,0.0075
12/4/2020,235,158.13,498.31,,,158.73,493.69,0.0038,0.0093,,159.54,497.93,0.0089,0.0008,,159.65,499.11,0.0096,0.0016,,159.52,498.63,0.0088,0.0006,,,0.2770,1.6254,159.9300,500.7323,0.0114,0.0049,,0.1350,1.4124,159.7880,500.5193,0.0008,0.0028,,0.1111,0.1111,159.7641,499.2179,0.0007,0.0002,,0.3226,1.1497,159.9756,500.2566,0.0020,0.0023
12/7/2020,236,157.90,515.78,,,158.61,494.61,0.0045,0.0410,,158.98,498.08,0.0068,0.0343,,158.74,498.63,0.0053,0.0333,,158.41,498.37,0.0032,0.0337,,,0.0388,1.2047,158.7773,499.8335,0.0056,0.0309,,-0.2848,0.6562,158.4538,499.2850,0.0018,0.0013,,0.5931,0.5931,159.3317,499.2218,0.0037,0.0012,,0.7960,0.6124,159.5346,499.2412,0.0050,0.0012
12/8/2020,237,158.86,512.66,,,158.47,498.85,0.0025,0.0269,,158.55,505.16,0.0020,0.0146,,158.24,508.92,0.0040,0.0073,,158.00,512.30,0.0054,0.0007,,,-0.0696,3.0219,158.1658,511.9415,0.0044,0.0014,,-0.3721,4.5100,157.8633,513.4296,0.0024,0.0089,,0.5391,0.5391,158.7746,509.4586,0.0034,0.0011,,0.5617,-8.1101,158.7972,500.8094,0.0035,0.0159
12/9/2020,238,155.21,493.60,,,158.55,501.61,0.0215,0.0162,,158.67,508.16,0.0223,0.0295,,158.61,511.16,0.0219,0.0356,,158.69,512.59,0.0224,0.0385,,,0.0198,2.8664,158.6327,514.0302,0.0221,0.0414,,-0.0723,3.6037,158.5406,514.7675,0.0005,0.0071,,-0.0108,-0.0108,158.6021,511.1530,0.0001,0.0000,,-0.1896,-3.4174,158.4233,507.7463,0.0012,0.0067
12/10/2020,239,155.07,501.09,,,157.88,500.01,0.0181,0.0022,,157.29,502.34,0.0143,0.0025,,156.57,500.63,0.0097,0.0009,,155.91,497.40,0.0054,0.0074,,,-0.3925,0.1855,156.1786,500.8110,0.0071,0.0006,,-0.8601,-2.0531,155.7111,498.5725,0.0055,0.0041,,1.2207,1.2207,157.7919,501.8462,0.0078,0.0024,,1.5955,7.7471,158.1666,508.3726,0.0102,0.0155
12/11/2020,240,155.82,503.22,,,157.32,500.22,0.0096,0.0060,,156.40,501.84,0.0037,0.0027,,155.67,500.90,0.0009,0.0046,,155.24,500.35,0.0037,0.0057,,,-0.4936,0.2041,155.1795,501.1083,0.0041,0.0042,,-0.8752,-1.1204,154.7979,499.7838,0.0056,0.0022,,1.0271,1.0271,156.7002,501.9313,0.0066,0.0021,,1.0375,1.3265,156.7106,502.2307,0.0067,0.0026
12/14/2020,241,157.85,522.42,,,157.02,500.82,0.0053,0.0413,,156.17,502.39,0.0106,0.0383,,155.76,502.29,0.0132,0.0385,,155.70,502.65,0.0136,0.0379,,,-0.3771,0.4412,155.3847,502.7349,0.0156,0.0377,,-0.4897,-0.1164,155.2722,502.1773,0.0031,0.0002,,0.3576,0.3576,156.1195,502.6513,0.0023,0.0007,,0.1365,-0.8463,155.8984,501.4474,0.0009,0.0017
12/15/2020,242,158.26,519.78,,,157.18,505.14,0.0068,0.0282,,156.84,510.40,0.0089,0.0180,,157.01,514.37,0.0078,0.0104,,157.42,518.47,0.0053,0.0025,,,-0.0513,2.7681,156.9625,517.1376,0.0082,0.0051,,0.2070,4.7605,157.2208,519.1299,0.0013,0.0093,,-0.6081,-0.6081,156.4057,513.7613,0.0039,0.0012,,-0.9743,-9.8299,156.0396,504.5396,0.0062,0.0191
12/16/2020,243,162.05,524.83,,,157.40,508.07,0.0287,0.0319,,157.41,514.15,0.0286,0.0203,,157.76,517.62,0.0265,0.0137,,158.09,519.52,0.0244,0.0101,,,0.1080,2.8638,157.8671,520.4796,0.0258,0.0083,,0.4223,4.1548,158.1814,521.7706,0.0027,0.0080,,-0.6904,-0.6904,157.0687,516.9254,0.0044,0.0013,,-0.7911,-4.5630,156.9680,513.0528,0.0050,0.0088
12/17/2020,244,161.80,532.90,,,158.33,511.42,0.0215,0.0403,,159.26,518.42,0.0157,0.0272,,160.33,521.94,0.0091,0.0206,,161.26,523.77,0.0034,0.0171,,,0.6011,3.1567,160.9335,525.1010,0.0054,0.0146,,1.2827,4.2243,161.6152,526.1686,0.0080,0.0081,,-1.8202,-1.8202,158.5123,520.1242,0.0114,0.0035,,-2.2169,-4.3754,158.1156,517.5689,0.0138,0.0084
12/18/2020,245,160.08,534.45,,,159.02,515.72,0.0066,0.0350,,160.28,524.21,0.0012,0.0192,,161.22,528.52,0.0071,0.0111,,161.69,531.07,0.0101,0.0063,,,0.6574,3.8400,161.8728,532.3578,0.0112,0.0039,,1.1228,5.1639,162.3382,533.6817,0.0070,0.0098,,-1.2578,-1.2578,159.9576,527.2599,0.0078,0.0024,,-1.1497,-6.1338,160.0657,522.3839,0.0071,0.0116
12/21/2020,246,160.31,528.91,,,159.24,519.46,0.0067,0.0179,,160.20,528.31,0.0007,0.0011,,160.54,532.08,0.0014,0.0060,,160.40,533.77,0.0006,0.0092,,,0.3900,3.7839,160.9257,535.8610,0.0038,0.0131,,0.4018,4.5221,160.9374,536.5992,0.0025,0.0085,,-0.0953,-0.0953,160.4404,531.9818,0.0006,0.0002,,0.3138,-4.0743,160.8495,528.0029,0.0020,0.0077
12/22/2020,247,160.33,527.33,,,159.45,521.35,0.0055,0.0113,,160.24,528.55,0.0005,0.0023,,160.40,530.18,0.0005,0.0054,,160.33,529.88,0.0000,0.0048,,,0.2848,2.6471,160.6845,532.8239,0.0022,0.0104,,0.1867,1.9532,160.5863,532.1300,0.0012,0.0037,,0.0435,0.0435,160.4431,530.2203,0.0003,0.0001,,0.1716,0.7054,160.5712,530.8822,0.0011,0.0013
12/23/2020,248,159.26,514.48,,,159.63,522.55,0.0023,0.0157,,160.28,528.06,0.0064,0.0264,,160.36,528.47,0.0069,0.0272,,160.33,527.84,0.0067,0.0260,,,0.2190,1.7760,160.5745,530.2448,0.0082,0.0306,,0.0943,0.4887,160.4498,528.9574,0.0006,0.0009,,0.0439,0.0439,160.3994,528.5126,0.0003,0.0001,,0.0697,1.5075,160.4251,529.9763,0.0004,0.0029
12/24/2020,249,158.63,513.97,,,159.55,520.93,0.0058,0.0136,,159.87,522.63,0.0078,0.0168,,159.70,520.08,0.0067,0.0119,,159.48,517.15,0.0053,0.0062,,,0.0442,-0.2578,159.7445,519.8177,0.0070,0.0114,,-0.2055,-3.0641,159.4948,517.0114,0.0013,0.0059,,0.4107,0.4107,160.1110,520.4862,0.0026,0.0008,,0.5381,7.0161,160.2384,527.0916,0.0034,0.0135
12/28/2020,250,164.20,519.12,,,159.37,519.54,0.0294,0.0008,,159.38,519.17,0.0294,0.0001,,159.06,516.41,0.0313,0.0052,,158.80,514.61,0.0329,0.0087,,,-0.0926,-0.9389,158.9683,515.4733,0.0319,0.0070,,-0.3791,-3.3038,158.6817,513.1084,0.0024,0.0064,,0.5480,0.5480,159.6088,516.9601,0.0034,0.0011,,0.6192,4.3339,159.6800,520.7460,0.0039,0.0084
12/29/2020,251,166.10,530.87,,,160.34,519.46,0.0347,0.0215,,161.31,519.15,0.0289,0.0221,,162.14,518.04,0.0238,0.0242,,163.12,518.22,0.0179,0.0238,,,0.5424,-0.4262,162.6855,517.6107,0.0206,0.0250,,1.0055,-1.3324,163.1486,516.7045,0.0062,0.0026,,-1.6302,-1.6302,160.5129,516.4067,0.0101,0.0031,,-2.3420,-0.4330,159.8011,517.6039,0.0144,0.0008
12/30/2020,252,164.29,524.59,,,161.49,521.74,0.0171,0.0054,,163.22,523.84,0.0065,0.0014,,164.52,525.74,0.0014,0.0022,,165.50,528.34,0.0074,0.0071,,,0.9088,1.1990,165.4260,526.9358,0.0069,0.0045,,1.5529,2.2805,166.0702,528.0173,0.0094,0.0043,,-2.0766,-2.0766,162.4407,523.6602,0.0126,0.0039,,-2.3677,-6.2465,162.1496,519.4902,0.0144,0.0119
12/31/2020,253,,,,,162.05,522.31,2.80%,3.00%,,163.65,524.14,2.12%,2.32%,,164.38,525.05,1.90%,2.08%,,164.53,525.34,1.80%,2.03%,,,0.7000,0.8216,165.0824,525.8703,1.84%,2.09%,,0.8778,1.0931,165.2602,526.1418,0.70%,0.77%,,-0.7497,-0.7497,163.6327,524.2990,0.85%,0.25%,,-0.3657,-0.6989,164.0167,524.3498,0.99%,1.08%
1/4/2021,254,,,,,,,,,,,,,,,,,,,,,,,,,,,,,,,,,,,,,,,,,,,,,,,,,,,,
1/5/2021,255,,,,,,,,,,,,,,,,,,,,,,,,,,,,,,,,,,,,,,,,,,,,,,,,,,,,
1/6/2021,256,,,,,,,,,,,,,,,,,,,,,,,,,,,,,,,,,,,,,,,,,,,,,,,,,,,,
1/7/2021,257,,,,,,,,,,,,,,,,,,,,,,,,,,,,,,,,,,,,,,,,,,,,,,,,,,,,
1/8/2021,258,,,,,,,,,,,,,,,,,,,,,,,,,,,,,,,,,,,,,,,,,,,,,,,,,,,,
1/11/2021,259,,,,,,,,,,,,,,,,,,,,,,,,,,,,,,,,,,,,,,,,,,,,,,,,,,,,
1/12/2021,260,,,,,,,,,,,,,,,,,,,,,,,,,,,,,,,,,,,,,,,,,,,,,,,,,,,,
1/13/2021,261,,,,,,,,,,,,,,,,,,,,,,,,,,,,,,,,,,,,,,,,,,,,,,,,,,,,
1/14/2021,262,,,,,,,,,,,,,,,,,,,,,,,,,,,,,,,,,,,,,,,,,,,,,,,,,,,,
